CaseID,Opened,Closed,Updated,Status,Status Notes,Responsible Agency,Category,Request Type,Request Details,Address,Street,Supervisor District,Neighborhood,Analysis Neighborhood,Police District,Latitude,Longitude,Point,point_geom,Source,Media URL,BOS_2012,data_as_of,data_loaded_at
101000441195,07/26/2024 11:59:34 AM,07/29/2024 08:05:50 AM,07/29/2024 08:05:50 AM,Closed,"Case Resolved - Please refer to Traffic Signal Shop complaint report 24-2227. Restored three color operation, repaired  wires, re-aimed Southwest corner pedestrian signal, APS maintenance/repair.",MTA - Traffic Signal,Damage Property,traffic_signal,,"INTERSECTION MISSION ST, 7TH ST, SAN FRANCISCO, CA 94103",MISSION ST,6,South of Market,South of Market,SOUTHERN,37.7792117409,-122.4109364239,"(37.7792117409, -122.4109364239)",POINT (-122.410936424 37.779211741),Phone,,,2024/08/08 06:00:00 AM,2024/09/11 05:09:50 PM
101000340682,07/06/2024 09:13:24 AM,07/06/2024 03:05:58 PM,07/06/2024 03:05:58 PM,Closed,Resolved Complaint # 24-2053,MTA - Traffic Signal,Damage Property,traffic_signal,,"INTERSECTION GOLDEN GATE AVE, TAYLOR ST, SAN FRANCISCO, CA 94102",GOLDEN GATE AVE,6,Tenderloin,South of Market,TENDERLOIN,37.7822305956,-122.4102921359,"(37.7822305956, -122.4102921359)",POINT (-122.410292136 37.782230596),Phone,,,2024/07/16 06:00:00 AM,2024/09/11 05:09:50 PM
101000438804,07/25/2024 10:24:32 PM,07/26/2024 06:29:26 AM,07/26/2024 06:29:26 AM,Closed,Case Resolved - This case was assigned to Traffic Signal Complaint 24-2220,MTA - Traffic Signal,Damage Property,traffic_signal,,"INTERSECTION 4TH ST, HARRISON ST, SAN FRANCISCO, CA 94107",4TH ST,6,South of Market,South of Market,SOUTHERN,37.7807914872,-122.3996161961,"(37.7807914872, -122.3996161961)",POINT (-122.399616196 37.780791487),Phone,,,2024/08/05 06:00:00 AM,2024/09/11 05:09:50 PM
101000439225,07/26/2024 06:46:34 AM,07/26/2024 07:20:18 AM,07/26/2024 07:20:19 AM,Closed,"Case Resolved - Please refer to Traffic Signal Shop complaint reports 24-2210 FU, 24-2210FUA, 24-2220, 24-2220 FU",MTA - Traffic Signal,Damage Property,traffic_signal,,"INTERSECTION 4TH ST, HARRISON ST, SAN FRANCISCO, CA 94107",4TH ST,6,South of Market,South of Market,SOUTHERN,37.7807914872,-122.3996161961,"(37.7807914872, -122.3996161961)",POINT (-122.399616196 37.780791487),Phone,,,2024/08/05 06:00:00 AM,2024/09/11 05:09:50 PM
101000561656,08/19/2024 10:36:03 AM,08/28/2024 09:55:09 AM,08/28/2024 09:55:09 AM,Closed,Case Resolved,Library,Damage Property,traffic_signal,,"73 WASHBURN ST, SAN FRANCISCO, CA 94103",WASHBURN ST,6,SOUTH OF MARKET,South of Market,SOUTHERN,37.77505932917832,-122.41395788721783,"(37.77505932917832, -122.41395788721783)",POINT (-122.413957887 37.775059329),Mobile,https://spot-sf-res.cloudinary.com/image/upload/v1724088960/san-francisco/production/sqhqudv5nkswee3b3izs.jpg,,2024/09/07 06:00:00 AM,2024/09/11 05:09:50 PM
101000366677,07/11/2024 12:03:23 PM,07/12/2024 07:52:52 AM,07/12/2024 07:52:52 AM,Closed,"Case Resolved - Please refer to Traffic Signal Shop complaint report 24-2092.  Replaced one pedestrian module, re-aimed three pedestrian signals.",MTA - Traffic Signal,Damage Property,traffic_signal,,"INTERSECTION 8TH ST, BRYANT ST, SAN FRANCISCO, CA 94103",8TH ST,6,Showplace Square,South of Market,SOUTHERN,37.7725262934,-122.4069681928,"(37.7725262934, -122.4069681928)",POINT (-122.406968193 37.772526293),Phone,,,2024/07/22 06:00:00 AM,2024/09/11 05:09:50 PM
101000305923,06/29/2024 07:25:29 AM,07/01/2024 08:14:19 AM,07/01/2024 08:14:19 AM,Closed,Case Resolved - Please refer to Traffic Signal Shop complaint report 24-2009 of 06292024.  No problem found re: stuck intersection.,MTA - Traffic Signal,Damage Property,traffic_signal,,"INTERSECTION BRANNAN ST, 5TH ST, SAN FRANCISCO, CA 94107",BRANNAN ST,6,South of Market,South of Market,SOUTHERN,37.7765682569,-122.3987554696,"(37.7765682569, -122.3987554696)",POINT (-122.39875547 37.776568257),Phone,,,2024/07/11 06:00:00 AM,2024/09/11 05:09:50 PM
101000569197,08/20/2024 01:40:55 PM,08/21/2024 09:01:23 AM,08/21/2024 09:01:23 AM,Closed,Case Resolved - Please refer to Traffic Signal Shop complaint report 24-2464.,MTA - Traffic Signal,Damage Property,traffic_signal,,"INTERSECTION 7TH ST, BRYANT ST, SAN FRANCISCO, CA 94103",7TH ST,6,South of Market,South of Market,SOUTHERN,37.7742809188,-122.4047486028,"(37.7742809188, -122.4047486028)",POINT (-122.404748603 37.774280919),Phone,,,2024/08/31 06:00:00 AM,2024/09/11 05:09:50 PM
101000441348,07/26/2024 12:18:03 PM,07/29/2024 08:05:40 AM,07/29/2024 08:05:40 AM,Closed,"Case Resolved - Please refer to Traffic Signal Shop complaint report 24-2227. Restored three color operation, repaired  wires, re-aimed Southwest corner pedestrian signal, APS maintenance/repair.",MTA - Traffic Signal,Damage Property,traffic_signal,,"INTERSECTION 7TH ST, MISSION ST, SAN FRANCISCO, CA 94103",7TH ST,6,South of Market,South of Market,SOUTHERN,37.7792117409,-122.4109364239,"(37.7792117409, -122.4109364239)",POINT (-122.410936424 37.779211741),Phone,,,2024/08/08 06:00:00 AM,2024/09/11 05:09:50 PM
101000261716,06/20/2024 11:42:43 AM,06/21/2024 08:00:28 AM,06/21/2024 08:00:28 AM,Closed,Case Resolved - Please refer to Traffic Signal Shop complaint report 24-1919.  Replaced pedestrian module.,MTA - Traffic Signal,Damage Property,traffic_signal,,"INTERSECTION 6TH ST, BRYANT ST, SAN FRANCISCO, CA 94103",6TH ST,6,South of Market,South of Market,SOUTHERN,37.7760394242,-122.4025241635,"(37.7760394242, -122.4025241635)",POINT (-122.402524164 37.776039424),Phone,,,2024/07/01 06:00:00 AM,2024/09/11 05:09:50 PM
101000606333,08/27/2024 01:41:16 PM,08/29/2024 10:54:24 AM,08/29/2024 10:54:24 AM,Closed,"Case Resolved - Please refer to Traffic Signal Shop complaint report 24-2547 FU.  Repair APS, and reconfigure APS",MTA - Traffic Signal,Damage Property,traffic_signal,,"INTERSECTION FOLSOM ST, MABINI ST, SAN FRANCISCO, CA 94103",FOLSOM ST,6,South of Market,South of Market,SOUTHERN,37.7826444126,-122.4003744853,"(37.7826444126, -122.4003744853)",POINT (-122.400374485 37.782644413),Phone,,,2024/09/08 06:00:00 AM,2024/09/11 05:09:50 PM
101001115042,12/04/2024 01:14:56 PM,12/05/2024 09:20:02 AM,12/05/2024 09:20:02 AM,Closed,Case Resolved - Please refer to Traffic Signal Shop complaint report 24-3679.  Restored three color operation.,MTA - Traffic Signal,Damage Property,traffic_signal,,"INTERSECTION 5TH ST, MARKET ST, SAN FRANCISCO, CA 94102",5TH ST,6,Downtown / Union Square,South of Market,TENDERLOIN,37.7839914164,-122.4080666083,"(37.7839914164, -122.4080666083)",POINT (-122.408066608 37.783991416),Phone,,,2024/12/15 06:00:00 AM,2024/12/16 09:05:32 AM
101001525917,02/25/2025 04:17:59 PM,02/26/2025 08:06:23 AM,02/26/2025 08:06:23 AM,Closed,Case Resolved - Please refer to TSS complaint report #885.  Re-placed pedestrian module; found and repaired defective wiring.,MTA - Traffic Signal,Damage Property,traffic_signal,,"INTERSECTION TAYLOR ST, MARKET ST, SAN FRANCISCO, CA 94102",TAYLOR ST,6,Tenderloin,South of Market,TENDERLOIN,37.7822305956,-122.4102921359,"(37.7822305956, -122.4102921359)",POINT (-122.410292136 37.782230596),Phone,,,2025/03/08 07:00:00 AM,2025/03/09 08:58:41 AM
101001166236,12/14/2024 06:58:35 AM,12/17/2024 09:09:27 AM,12/17/2024 09:09:27 AM,Closed,Case Resolved - Please refer to TSS complaint report #60.  Intersection in three color operations upon arrival.  Logs show prior power interruption.,MTA - Traffic Signal,Damage Property,traffic_signal,,"INTERSECTION 4TH ST, FOLSOM ST, SAN FRANCISCO, CA 94103",4TH ST,6,South of Market,South of Market,SOUTHERN,37.7820241366,-122.4011598329,"(37.7820241366, -122.4011598329)",POINT (-122.401159833 37.782024137),Phone,,,2024/12/27 06:00:00 AM,2024/12/28 08:59:08 AM
101000745891,09/23/2024 12:40:08 PM,09/25/2024 10:26:32 AM,09/25/2024 10:26:32 AM,Closed,"Case Resolved - Please refer to Traffic Signal Shop complaint report 24-2821.  Replaced materials, restored three color operation.",MTA - Traffic Signal,Damage Property,traffic_signal,,"INTERSECTION 8TH ST, HARRISON ST, SAN FRANCISCO, CA 94103",8TH ST,6,South of Market,South of Market,SOUTHERN,37.7737595993,-122.4085162979,"(37.7737595993, -122.4085162979)",POINT (-122.408516298 37.773759599),Phone,,,2024/10/05 06:00:00 AM,2024/10/07 09:28:38 AM
101000919758,10/25/2024 12:28:57 PM,10/25/2024 01:32:53 PM,10/25/2024 01:32:53 PM,Closed,Case Resolved - Comp. # 24-3248,MTA - Traffic Signal,Damage Property,traffic_signal,,"INTERSECTION 10TH ST, MISSION ST, SAN FRANCISCO, CA 94103",10TH ST,6,South of Market,South of Market,SOUTHERN,37.7752719124,-122.4159080785,"(37.7752719124, -122.4159080785)",POINT (-122.415908078 37.775271912),Phone,,,2024/11/04 06:00:00 AM,2024/11/05 08:59:40 AM
101001167304,12/14/2024 10:36:47 AM,12/20/2024 05:00:26 PM,12/20/2024 05:00:26 PM,Closed,Case Transferred - Per process - cases are closed 5 days after assignment.,311 - Service Request Hold,Damage Property,traffic_signal,,"INTERSECTION HARRISON ST, 7TH ST, SAN FRANCISCO, CA 94103",HARRISON ST,6,South of Market,South of Market,SOUTHERN,37.7755142646,-122.4062960158,"(37.7755142646, -122.4062960158)",POINT (-122.406296016 37.775514265),Phone,,,2024/12/30 06:00:00 AM,2024/12/31 09:18:49 AM
101000952790,10/31/2024 06:40:12 PM,11/06/2024 09:01:35 AM,11/06/2024 09:01:35 AM,Closed,Case Resolved - Please refer to Traffic Signal Shop complaints 24-3320 and 24-3320 FU.,MTA - Signal,Damage Property,traffic_signal,,"INTERSECTION 7TH ST, HARRISON ST, SAN FRANCISCO, CA 94103",7TH ST,6,South of Market,South of Market,SOUTHERN,37.7755142646,-122.4062960158,"(37.7755142646, -122.4062960158)",POINT (-122.406296016 37.775514265),Phone,,,2024/11/16 06:00:00 AM,2024/11/17 08:56:47 AM
101001557907,03/03/2025 05:23:21 PM,03/04/2025 08:18:33 AM,03/04/2025 08:18:33 AM,Closed,"Case Resolved - Please refer to TSS complaint report #944.  Replaced materials, traced and found wire issue (resolved same)",MTA - Signal,Damage Property,traffic_signal,,"INTERSECTION MISSION ST, 10TH ST, SAN FRANCISCO, CA 94103",MISSION ST,6,South of Market,South of Market,SOUTHERN,37.7752719124,-122.4159080785,"(37.7752719124, -122.4159080785)",POINT (-122.415908078 37.775271912),Test,,,2025/03/14 06:00:00 AM,2025/03/15 08:58:46 AM
101000784748,09/30/2024 02:03:06 PM,10/03/2024 07:50:01 AM,10/03/2024 07:50:01 AM,Closed,Case Resolved - Please refer to Traffic Signal Shop complaint report 24-2904.  Intersection in three color operation upon arrival.  Verified 09302024 power interruption.,MTA - Traffic Signal,Damage Property,traffic_signal,,"INTERSECTION 5TH ST, BRYANT ST, SAN FRANCISCO, CA 94107",5TH ST,6,South of Market,South of Market,SOUTHERN,37.7777990131,-122.4002979173,"(37.7777990131, -122.4002979173)",POINT (-122.400297917 37.777799013),Phone,,,2024/10/13 06:00:00 AM,2024/10/14 08:57:23 AM
101000915314,10/24/2024 03:32:00 PM,10/25/2024 09:10:26 AM,10/25/2024 09:10:26 AM,Closed,"Case Resolved - Please refer to Traffic Signal Shop complaint report 24-3224 FU.  Repaired wire, replace pole and pole cover.",MTA - Signal,Damage Property,traffic_signal,,"INTERSECTION HOWARD ST, 6TH ST, SAN FRANCISCO, CA 94103",HOWARD ST,6,South of Market,South of Market,SOUTHERN,37.7797387744,-122.4071596157,"(37.7797387744, -122.4071596157)",POINT (-122.407159616 37.779738774),Phone,,,2024/11/04 06:00:00 AM,2024/11/05 08:59:40 AM
101000738787,09/21/2024 08:36:11 PM,09/23/2024 08:52:48 AM,09/23/2024 08:52:48 AM,Closed,"Case Resolved - Please refer to Traffic Signal Shop complaint report 24-2808 FU.  Repaired wires,",MTA - Traffic Signal,Damage Property,traffic_signal,,"INTERSECTION HOWARD ST, RUSS ST, SAN FRANCISCO, CA 94103",HOWARD ST,6,South of Market,South of Market,SOUTHERN,37.7788607251,-122.4082715349,"(37.7788607251, -122.4082715349)",POINT (-122.408271535 37.778860725),Phone,,,2024/10/03 06:00:00 AM,2024/10/04 08:54:42 AM
101001762821,04/14/2025 07:18:38 AM,04/15/2025 09:45:05 AM,04/15/2025 09:45:05 AM,Closed,"Case Resolved - Please refer to TSS complaint report #1528.  Replaced materials, restored three color operation.",MTA - Traffic Signal,Damage Property,traffic_signal,,"INTERSECTION 5TH ST, FOLSOM ST, SAN FRANCISCO, CA 94103",5TH ST,6,South of Market,South of Market,SOUTHERN,37.780265065,-122.4033872372,"(37.780265065, -122.4033872372)",POINT (-122.403387237 37.780265065),Phone,,,2025/04/25 01:00:00 AM,2025/04/25 03:10:33 AM
101001197838,12/20/2024 10:50:22 AM,12/30/2024 11:02:01 AM,12/30/2024 11:02:17 AM,Closed,Cancelled - Maximo Service Request has been cancelled. Memo:Duplicate of 311-1001223928      Add'l Notes:     Duplicate of 311-1001223928,PUC - Streetlights,Damage Property,traffic_signal,,"1132 MISSION ST, SAN FRANCISCO, CA 94103",MISSION ST,6,SOUTH OF MARKET,South of Market,SOUTHERN,37.77868341259453,-122.41176675471304,"(37.77868341259453, -122.41176675471304)",POINT (-122.411766755 37.778683413),Mobile,https://spot-sf-res.cloudinary.com/image/upload/v1734720619/san-francisco/production/ct93ctqqkr5x72potklz.jpg,,2025/01/09 06:00:00 AM,2025/01/10 09:07:02 AM
101000808326,10/04/2024 01:34:59 PM,10/07/2024 07:01:01 AM,10/07/2024 07:01:01 AM,Closed,Case Resolved - 24-2987,MTA - Traffic Signal,Damage Property,traffic_signal,,"INTERSECTION MINNA ST, 6TH ST, SAN FRANCISCO, CA 94103",MINNA ST,6,South of Market,South of Market,SOUTHERN,37.780535382,-122.4081608993,"(37.780535382, -122.4081608993)",POINT (-122.408160899 37.780535382),Phone,,,2024/10/17 06:00:00 AM,2024/10/18 08:55:21 AM
101001401668,01/31/2025 10:19:51 PM,02/02/2025 07:36:51 AM,02/02/2025 07:36:51 AM,Closed,Case Resolved - TSIG-25-611,MTA - Traffic Signal,Damage Property,traffic_signal,,"INTERSECTION BRYANT ST, 3RD ST, SAN FRANCISCO, CA 94107",BRYANT ST,6,South of Market,South of Market,SOUTHERN,37.7813211115,-122.3958434558,"(37.7813211115, -122.3958434558)",POINT (-122.395843456 37.781321111),Phone,,,2025/02/12 06:00:00 AM,2025/02/13 08:57:12 AM
101000758687,09/25/2024 04:03:17 PM,09/27/2024 07:52:26 AM,09/27/2024 07:52:26 AM,Closed,Case Resolved - Please refer to Traffic Signal Shop complaint report 24-2853 FU.  No problem found re: pedestrian signals.,MTA - Traffic Signal,Damage Property,traffic_signal,,"INTERSECTION 7TH ST, HARRISON ST, SAN FRANCISCO, CA 94103",7TH ST,6,South of Market,South of Market,SOUTHERN,37.7755142646,-122.4062960158,"(37.7755142646, -122.4062960158)",POINT (-122.406296016 37.775514265),Phone,,,2024/10/07 06:00:00 AM,2024/10/08 08:59:36 AM
101000762012,09/26/2024 10:38:50 AM,09/27/2024 07:54:00 AM,09/27/2024 07:54:00 AM,Closed,"Case Resolved - Please refer to Traffic Signal Shop complaint report 24-2857.  Repaired wire, replaced fuse restored three color operation.",MTA - Traffic Signal,Damage Property,traffic_signal,,"INTERSECTION 6TH ST, HOWARD ST, SAN FRANCISCO, CA 94103",6TH ST,6,South of Market,South of Market,SOUTHERN,37.7797387744,-122.4071596157,"(37.7797387744, -122.4071596157)",POINT (-122.407159616 37.779738774),Phone,,,2024/10/07 06:00:00 AM,2024/10/08 08:59:36 AM
101001684060,03/29/2025 06:56:38 AM,03/31/2025 12:03:48 PM,03/31/2025 12:03:48 PM,Closed,Case Resolved - Please refer to TSS complaint report #1272.  Network issues.,MTA - Signal,Damage Property,traffic_signal,,"INTERSECTION MISSION ST, 8TH ST, SAN FRANCISCO, CA 94103",MISSION ST,6,South of Market,South of Market,SOUTHERN,37.7774575216,-122.4131577588,"(37.7774575216, -122.4131577588)",POINT (-122.413157759 37.777457522),Phone,,,2025/04/10 01:00:00 AM,2025/04/10 02:52:13 AM
101001742768,04/09/2025 06:43:56 PM,04/11/2025 08:49:40 AM,04/11/2025 08:49:40 AM,Closed,Case Resolved - Please refer to TSS complaint report #1460.  Restored three color functionality.,MTA - Traffic Signal,Damage Property,traffic_signal,,"INTERSECTION 5TH ST, FOLSOM ST, SAN FRANCISCO, CA 94103",5TH ST,6,South of Market,South of Market,SOUTHERN,37.780265065,-122.4033872372,"(37.780265065, -122.4033872372)",POINT (-122.403387237 37.780265065),Phone,,,2025/04/21 01:00:00 AM,2025/04/21 02:53:41 AM
101001416417,02/04/2025 10:48:42 AM,03/07/2025 12:00:00 AM,03/07/2025 02:08:10 PM,Closed,Case Resolved - Fallen DPT sign -  X1104: 1270629,PW - Street Use and Mapping,Damage Property,traffic_signal,,"INTERSECTION MINT PLZ, MINT ST, SAN FRANCISCO, CA 94103",MINT PLZ,6,SOUTH OF MARKET,South of Market,TENDERLOIN,37.78264229148782,-122.4077719822526,"(37.78264229148782, -122.4077719822526)",POINT (-122.407771982 37.782642291),Mobile,https://spot-sf-res.cloudinary.com/image/upload/v1738694919/san-francisco/production/fa3m1ikhdw5cyzc6hnb0.jpg,,2025/03/17 06:00:00 AM,2025/03/18 08:59:54 AM
101000784380,09/30/2024 01:19:03 PM,09/30/2024 02:01:06 PM,09/30/2024 02:01:06 PM,Closed,"Case Resolved - PG&E power outage, PG&E to restore power",MTA - Traffic Signal,Damage Property,traffic_signal,,"INTERSECTION BRYANT ST, 5TH ST, SAN FRANCISCO, CA 94107",BRYANT ST,6,South of Market,South of Market,SOUTHERN,37.7777990131,-122.4002979173,"(37.7777990131, -122.4002979173)",POINT (-122.400297917 37.777799013),Phone,,,2024/10/10 06:00:00 AM,2024/10/11 08:57:42 AM
101000784377,09/30/2024 01:18:54 PM,09/30/2024 02:02:21 PM,09/30/2024 02:02:21 PM,Closed,"Case Resolved - PG&E power outage, PG&E to restore power",MTA - Traffic Signal,Damage Property,traffic_signal,,"INTERSECTION 9TH ST, HARRISON ST, SAN FRANCISCO, CA 94103",9TH ST,6,South of Market,South of Market,SOUTHERN,37.7725265077,-122.4100768153,"(37.7725265077, -122.4100768153)",POINT (-122.410076815 37.772526508),Phone,,,2024/10/10 06:00:00 AM,2024/10/11 08:57:42 AM
101000784211,09/30/2024 12:55:46 PM,09/30/2024 01:13:44 PM,09/30/2024 01:13:47 PM,Closed,Case Resolved,311 - Supervisor,Damage Property,traffic_signal,,"INTERSECTION 10TH ST, FOLSOM ST, SAN FRANCISCO, CA 94103",10TH ST,6,South of Market,South of Market,SOUTHERN,37.7728121372,-122.4128242408,"(37.7728121372, -122.4128242408)",POINT (-122.412824241 37.772812137),Phone,,,2024/10/10 06:00:00 AM,2024/10/11 08:57:42 AM
101000784038,09/30/2024 12:39:07 PM,09/30/2024 02:03:08 PM,09/30/2024 02:03:08 PM,Closed,"Case Resolved - PG&E power outage, PG&E to restore power.",MTA - Signal,Damage Property,traffic_signal,,"INTERSECTION 11TH ST, BRYANT ST, SAN FRANCISCO, CA 94103",11TH ST,6,Mission,South of Market,MISSION,37.7694111246,-122.4109310143,"(37.7694111246, -122.4109310143)",POINT (-122.410931014 37.769411125),Phone,,,2024/10/10 06:00:00 AM,2024/10/11 08:57:42 AM
101000784221,09/30/2024 12:58:06 PM,09/30/2024 01:14:05 PM,09/30/2024 01:14:09 PM,Closed,Case Resolved,311 - Supervisor,Damage Property,traffic_signal,,"INTERSECTION 9TH ST, MISSION ST, SAN FRANCISCO, CA 94103",9TH ST,6,South of Market,South of Market,SOUTHERN,37.7762305281,-122.4147111681,"(37.7762305281, -122.4147111681)",POINT (-122.414711168 37.776230528),Phone,,,2024/10/10 06:00:00 AM,2024/10/11 08:57:42 AM
101000784093,09/30/2024 12:44:50 PM,09/30/2024 02:04:20 PM,09/30/2024 02:04:20 PM,Closed,"Case Resolved - PG&E power outage, PG&E to restore power",MTA - Traffic Signal,Damage Property,traffic_signal,,"INTERSECTION 9TH ST, HOWARD ST, SAN FRANCISCO, CA 94103",9TH ST,6,South of Market,South of Market,SOUTHERN,37.7749918407,-122.4131610375,"(37.7749918407, -122.4131610375)",POINT (-122.413161038 37.774991841),Phone,,,2024/10/10 06:00:00 AM,2024/10/11 08:57:42 AM
101001183050,12/17/2024 01:41:37 PM,12/18/2024 09:27:46 AM,12/18/2024 09:27:46 AM,Closed,Case Resolved - TSIG-110,MTA - Traffic Signal,Damage Property,traffic_signal,,"INTERSECTION 5TH ST, MISSION ST, SAN FRANCISCO, CA 94103",5TH ST,6,South of Market,South of Market,SOUTHERN,37.7827315393,-122.406479544,"(37.7827315393, -122.406479544)",POINT (-122.406479544 37.782731539),Phone,,,2024/12/28 06:00:00 AM,2024/12/29 08:59:37 AM
101000891506,10/20/2024 01:14:38 PM,10/21/2024 11:16:19 AM,10/21/2024 11:16:19 AM,Closed,Case Resolved - Please see Traffic Signal Shop complaint report 24-3145.  Power and operation restored.,MTA - Signal,Damage Property,traffic_signal,,"INTERSECTION MARKET ST, MASON ST, SAN FRANCISCO, CA 94102",MARKET ST,6,Tenderloin,South of Market,TENDERLOIN,37.7832878822,-122.4089522144,"(37.7832878822, -122.4089522144)",POINT (-122.408952214 37.783287882),Phone,,,2024/10/31 06:00:00 AM,2024/11/01 08:58:26 AM
101001625673,03/17/2025 06:56:34 PM,03/20/2025 01:08:09 PM,03/20/2025 01:08:09 PM,Closed,Case Resolved - 25-1128,MTA - Traffic Signal,Damage Property,traffic_signal,,"INTERSECTION BRYANT ST, 7TH ST, SAN FRANCISCO, CA 94103",BRYANT ST,6,South of Market,South of Market,SOUTHERN,37.7742809188,-122.4047486028,"(37.7742809188, -122.4047486028)",POINT (-122.404748603 37.774280919),Phone,,,2025/03/30 01:00:00 AM,2025/03/30 02:50:11 AM
101000784808,09/30/2024 02:10:18 PM,10/01/2024 06:41:56 AM,10/01/2024 06:41:56 AM,Closed,"Case Resolved - PG&E power outage, PG&E to restore power",MTA - Traffic Signal,Damage Property,traffic_signal,,"INTERSECTION 7TH ST, FOLSOM ST, SAN FRANCISCO, CA 94103",7TH ST,6,South of Market,South of Market,SOUTHERN,37.7767459647,-122.4078420542,"(37.7767459647, -122.4078420542)",POINT (-122.407842054 37.776745965),Phone,,,2024/10/11 06:00:00 AM,2024/10/12 08:55:59 AM
101001024627,11/14/2024 08:30:33 PM,11/20/2024 10:05:43 AM,11/20/2024 10:05:44 AM,Closed,Case Resolved - Please refer to Traffic Signal Shop complaint report 224-3457 FUA.,MTA - Traffic Signal,Damage Property,traffic_signal,,"INTERSECTION BRANNAN ST, 6TH ST, SAN FRANCISCO, CA 94103",BRANNAN ST,6,South of Market,South of Market,SOUTHERN,37.7748086967,-122.4009817154,"(37.7748086967, -122.4009817154)",POINT (-122.400981715 37.774808697),Phone,,,2024/11/30 06:00:00 AM,2024/12/02 09:19:31 AM
101001131185,12/07/2024 01:21:59 PM,12/19/2024 10:23:21 AM,12/19/2024 10:23:26 AM,Closed,"Comment Noted - PW - Street Use and Mapping to 311 - Supervisor at 2024-12-19T09:49:41.440 : per FK, not BSM (operations and enforcement). transferred to 311 for federal equipment",311 - Supervisor,Damage Property,traffic_signal,,"599 STEVENSON ST, SAN FRANCISCO, CA 94103",STEVENSON ST,6,SOUTH OF MARKET,South of Market,TENDERLOIN,37.78006729286792,-122.41177910443965,"(37.78006729286792, -122.41177910443965)",POINT (-122.411779104 37.780067293),Mobile,https://spot-sf-res.cloudinary.com/image/upload/v1733606518/san-francisco/production/rezmkhrebtewhyzefh6u.jpg,,2024/12/29 06:00:00 AM,2024/12/30 09:04:02 AM
101001299150,01/12/2025 07:30:38 AM,01/13/2025 03:56:11 PM,01/13/2025 03:56:11 PM,Closed,Case Resolved - TSIG-365,MTA - Signal,Damage Property,traffic_signal,,"INTERSECTION MARKET ST, 4TH ST, SAN FRANCISCO, CA 94102",MARKET ST,6,South of Market,South of Market,TENDERLOIN,37.7857438394,-122.4058310695,"(37.7857438394, -122.4058310695)",POINT (-122.405831069 37.785743839),Phone,,,2025/01/23 06:00:00 AM,2025/01/24 08:57:28 AM
101001242379,12/31/2024 02:57:02 PM,01/02/2025 05:57:21 AM,01/02/2025 05:57:21 AM,Closed,Case Resolved - This case was assigned to Traffic Signal Complaint TSIG 237,MTA - Traffic Signal,Damage Property,traffic_signal,,"INTERSECTION BRANNAN ST, 9TH ST, SAN FRANCISCO, CA 94103",BRANNAN ST,6,Showplace Square,South of Market,SOUTHERN,37.7700496897,-122.4070015022,"(37.7700496897, -122.4070015022)",POINT (-122.407001502 37.77004969),Phone,,,2025/01/12 06:00:00 AM,2025/01/13 09:07:44 AM
101000946698,10/30/2024 04:03:25 PM,11/06/2024 09:00:05 AM,11/06/2024 09:00:05 AM,Closed,Case Resolved - Please refer to Traffic Signal Shop complaint report 24-3346.  Re-lamped greens on two vehicle signals.,MTA - Traffic Signal,Damage Property,traffic_signal,,"489 6TH ST, SAN FRANCISCO, CA 94103",6TH ST,6,SOUTH OF MARKET,South of Market,SOUTHERN,37.77617938348698,-122.40266267959701,"(37.77617938348698, -122.40266267959701)",POINT (-122.40266268 37.776179383),Mobile,https://spot-sf-res.cloudinary.com/image/upload/v1730329404/san-francisco/production/tjmjcbtqde4cbnvqglrt.jpg,,2024/11/16 06:00:00 AM,2024/11/17 08:56:47 AM
101001053010,11/20/2024 04:24:23 PM,11/26/2024 07:41:48 AM,11/26/2024 07:41:48 AM,Closed,Case Resolved - Please refer to Traffic Signal Shop complaint report 24-3534.  Re-aimed turned pedestrian signal.  No problem found regarding pedestrian signal timing.,MTA - Traffic Signal,Damage Property,traffic_signal,,"INTERSECTION BRYANT ST, 9TH ST, SAN FRANCISCO, CA 94103",BRYANT ST,6,Showplace Square,South of Market,SOUTHERN,37.7712907117,-122.4085310678,"(37.7712907117, -122.4085310678)",POINT (-122.408531068 37.771290712),Phone,,,2024/12/06 06:00:00 AM,2024/12/07 08:58:34 AM
101000577824,08/22/2024 08:25:35 AM,08/28/2024 02:22:00 PM,08/29/2024 02:05:21 AM,Closed,"Case Resolved - 8.23.24: Inspected location and placed cone over hazard.  jd  - X1104 # 1260690 DTIS,",PW - Street Use and Mapping,Damage Property,traffic_signal,,"400 6TH ST, SAN FRANCISCO, CA 94103",6TH ST,6,SOUTH OF MARKET,South of Market,SOUTHERN,37.777132455239865,-122.40407921552567,"(37.777132455239865, -122.40407921552567)",POINT (-122.404079216 37.777132455),Mobile,https://spot-sf-res.cloudinary.com/image/upload/v1724340330/san-francisco/production/clt7idggwx8vnqgm9amg.jpg,,2024/09/08 06:00:00 AM,2024/09/11 05:09:50 PM
101000441173,07/26/2024 11:56:12 AM,07/29/2024 08:05:09 AM,07/29/2024 08:05:09 AM,Closed,"Case Resolved - Please refer to Traffic Signal Shop complaint report 24-2227. Restored three color operation, repaired  wires, re-aimed Southwest corner pedestrian signal, APS maintenance/repair.",MTA - Traffic Signal,Damage Property,traffic_signal,,"INTERSECTION 7TH ST, MISSION ST, SAN FRANCISCO, CA 94103",7TH ST,6,South of Market,South of Market,SOUTHERN,37.7792117409,-122.4109364239,"(37.7792117409, -122.4109364239)",POINT (-122.410936424 37.779211741),Phone,,,2024/08/08 06:00:00 AM,2024/09/11 05:09:50 PM
101000432993,07/24/2024 06:14:46 PM,07/25/2024 05:46:55 AM,07/25/2024 05:46:55 AM,Closed,Case Resolved - This case was assigned to Traffic Signal Complaint 24-2210FU,MTA - Signal,Damage Property,traffic_signal,,"INTERSECTION HARRISON ST, 4TH ST, SAN FRANCISCO, CA 94107",HARRISON ST,6,South of Market,South of Market,SOUTHERN,37.7807914872,-122.3996161961,"(37.7807914872, -122.3996161961)",POINT (-122.399616196 37.780791487),Phone,,,2024/08/04 06:00:00 AM,2024/09/11 05:09:50 PM
101000863266,10/15/2024 08:21:32 AM,10/16/2024 09:19:45 AM,10/16/2024 09:19:45 AM,Closed,Case Resolved - Please refer to Traffic Signal Shop complaint report 24-3097.  Replaced materials (s).,MTA - Traffic Signal,Damage Property,traffic_signal,,"INTERSECTION 8TH ST, HOWARD ST, SAN FRANCISCO, CA 94103",8TH ST,6,South of Market,South of Market,SOUTHERN,37.7762213133,-122.4116059625,"(37.7762213133, -122.4116059625)",POINT (-122.411605963 37.776221313),Phone,,,2024/10/26 06:00:00 AM,2024/10/27 08:55:50 AM
101001598916,03/12/2025 08:31:54 AM,03/13/2025 08:10:33 AM,03/13/2025 08:10:33 AM,Closed,Case Resolved - Please refer to TSS complaint report #1014.  No problem found.,MTA - Signal,Damage Property,traffic_signal,,"INTERSECTION FOLSOM ST, 6TH ST, SAN FRANCISCO, CA 94103",FOLSOM ST,6,South of Market,South of Market,SOUTHERN,37.778505116,-122.4056152068,"(37.778505116, -122.4056152068)",POINT (-122.405615207 37.778505116),Phone,,,2025/03/23 06:00:00 AM,2025/03/24 08:59:28 AM
101001770757,04/15/2025 11:18:10 AM,04/17/2025 11:05:16 AM,04/17/2025 11:05:16 AM,Closed,Case Resolved - Please refer to TSS complaint report #1546.  No problem found.,MTA - Signal,Damage Property,traffic_signal,,"INTERSECTION HARRISON ST, 5TH ST, SAN FRANCISCO, CA 94107",HARRISON ST,6,South of Market,South of Market,SOUTHERN,37.7790321755,-122.401843247,"(37.7790321755, -122.401843247)",POINT (-122.401843247 37.779032175),Phone,,,2025/04/27 01:00:00 AM,2025/04/28 02:53:01 AM
101001772693,04/15/2025 03:47:25 PM,04/16/2025 09:46:38 AM,04/16/2025 09:46:38 AM,Closed,Case Resolved - This case was assigned to Traffic Signal Complaint TSIG 1560,MTA - Traffic Signal,Damage Property,traffic_signal,,"INTERSECTION 4TH ST, BRYANT ST, SAN FRANCISCO, CA 94107",4TH ST,6,South of Market,South of Market,SOUTHERN,37.7795669862,-122.398060014,"(37.7795669862, -122.398060014)",POINT (-122.398060014 37.779566986),Phone,,,2025/04/26 01:00:00 AM,2025/04/26 02:55:09 AM
101001604910,03/13/2025 11:17:43 AM,03/14/2025 10:17:32 AM,03/14/2025 10:17:32 AM,Closed,"Case Resolved - Please refer to TSS complaint report #1036.  Re-aimed pedestrian signal.  Exposed fitters, wires and vehicle head are to be resolved by contractor.  Intersection is under contractor responsibility.",MTA - Traffic Signal,Damage Property,traffic_signal,,"INTERSECTION FOLSOM ST, 6TH ST, SAN FRANCISCO, CA 94103",FOLSOM ST,6,South of Market,South of Market,SOUTHERN,37.778505116,-122.4056152068,"(37.778505116, -122.4056152068)",POINT (-122.405615207 37.778505116),Phone,,,2025/03/24 06:00:00 AM,2025/03/25 08:59:27 AM
101001625600,03/17/2025 06:36:14 PM,03/19/2025 09:29:31 AM,03/19/2025 09:29:31 AM,Closed,"Case Resolved - Please refer to TSS complaint report #1084,  Replaced materials, restored normal service.",MTA - Traffic Signal,Damage Property,traffic_signal,,"INTERSECTION 7TH ST, HARRISON ST, SAN FRANCISCO, CA 94103",7TH ST,6,South of Market,South of Market,SOUTHERN,37.7755142646,-122.4062960158,"(37.7755142646, -122.4062960158)",POINT (-122.406296016 37.775514265),Phone,,,2025/03/29 01:00:00 AM,2025/03/29 02:51:01 AM
101001446028,02/10/2025 10:05:45 AM,02/11/2025 07:55:26 AM,02/11/2025 07:55:26 AM,Closed,Case Resolved - Please refer to TSS complaint report #687.  PG&E power outage.,MTA - Traffic Signal,Damage Property,traffic_signal,,"INTERSECTION 4TH ST, BRYANT ST, SAN FRANCISCO, CA 94107",4TH ST,6,South of Market,South of Market,SOUTHERN,37.7795669862,-122.398060014,"(37.7795669862, -122.398060014)",POINT (-122.398060014 37.779566986),Phone,,,2025/02/21 06:00:00 AM,2025/02/22 08:58:41 AM
101001454971,02/11/2025 05:05:23 PM,02/20/2025 10:44:21 AM,02/20/2025 10:44:21 AM,Closed,Case Resolved - Please refer to TSS complaint report #730.,MTA - Traffic Signal,Damage Property,traffic_signal,,"INTERSECTION 4TH ST, BRANNAN ST, SAN FRANCISCO, CA 94107",4TH ST,6,South of Market,South of Market,SOUTHERN,37.7783269286,-122.396530481,"(37.7783269286, -122.396530481)",POINT (-122.396530481 37.778326929),Phone,,,2025/03/02 06:00:00 AM,2025/03/03 09:00:40 AM
101001263337,01/05/2025 11:34:09 AM,01/06/2025 08:05:27 AM,01/06/2025 08:05:27 AM,Closed,Case Resolved - Please refer to TSS complaint report #275.  Restored three color operation.,MTA - Traffic Signal,Damage Property,traffic_signal,,"INTERSECTION 4TH ST, BRYANT ST, SAN FRANCISCO, CA 94107",4TH ST,6,South of Market,South of Market,SOUTHERN,37.7795669862,-122.398060014,"(37.7795669862, -122.398060014)",POINT (-122.398060014 37.779566986),Phone,,,2025/01/16 06:00:00 AM,2025/01/17 09:04:43 AM
101001757356,04/12/2025 03:22:54 PM,04/16/2025 12:01:43 PM,04/16/2025 12:01:43 PM,Closed,Case Resolved - This case was assigned to Traffic Signal Complaint TSIG 1573,MTA - Signal,Damage Property,traffic_signal,,"1 10TH ST, SAN FRANCISCO, CA 94103",10TH ST,6,SOUTH OF MARKET,South of Market,TENDERLOIN,37.77659090675351,-122.41736121475697,"(37.77659090675351, -122.41736121475697)",POINT (-122.417361215 37.776590907),Mobile,https://spot-sf-res.cloudinary.com/image/upload/v1744496573/san-francisco/production/kkyzn8bdqzj3nzdai0ek.jpg,,2025/04/26 01:00:00 AM,2025/04/26 02:55:09 AM
101001075359,11/25/2024 03:06:04 PM,11/25/2024 07:29:40 PM,11/25/2024 07:29:40 PM,Closed,Case Transferred - SFMTA street inspection,MTA - Accessible Pedestrian Signal,Damage Property,traffic_signal,,"INTERSECTION MASON ST, TURK ST, SAN FRANCISCO, CA 94102",MASON ST,6,Tenderloin,South of Market,TENDERLOIN,37.7832878822,-122.4089522144,"(37.7832878822, -122.4089522144)",POINT (-122.408952214 37.783287882),Phone,,,2024/12/05 06:00:00 AM,2024/12/06 08:57:07 AM
101001123522,12/06/2024 04:54:48 AM,12/09/2024 09:25:27 AM,12/09/2024 09:25:27 AM,Closed,Case Resolved - Please refer to Traffic Signal Shop complaint report 24-3693 and 24-3693 FU.,MTA - Traffic Signal,Damage Property,traffic_signal,,"INTERSECTION 5TH ST, HARRISON ST, SAN FRANCISCO, CA 94107",5TH ST,6,South of Market,South of Market,SOUTHERN,37.7790321755,-122.401843247,"(37.7790321755, -122.401843247)",POINT (-122.401843247 37.779032175),Phone,,,2024/12/19 06:00:00 AM,2024/12/20 09:08:54 AM
101001123523,12/06/2024 04:56:50 AM,12/09/2024 09:40:23 AM,12/09/2024 09:40:23 AM,Closed,Case Resolved - Please refer to Traffic Signal Shop complaint report 24-3692  and 24-3692 FU.,MTA - Traffic Signal,Damage Property,traffic_signal,,"INTERSECTION 4TH ST, BRYANT ST, SAN FRANCISCO, CA 94107",4TH ST,6,South of Market,South of Market,SOUTHERN,37.7795669862,-122.398060014,"(37.7795669862, -122.398060014)",POINT (-122.398060014 37.779566986),Phone,,,2024/12/19 06:00:00 AM,2024/12/20 09:08:54 AM
101000900041,10/22/2024 07:22:55 AM,10/25/2024 09:01:16 AM,10/25/2024 09:01:16 AM,Closed,Case Resolved - Please refer to Traffic Signal Shop complaint report 24-3211,MTA - Signal,Damage Property,traffic_signal,,"INTERSECTION 6TH ST, MISSION ST, SAN FRANCISCO, CA 94103",6TH ST,6,South of Market,South of Market,SOUTHERN,37.7809712412,-122.4087085451,"(37.7809712412, -122.4087085451)",POINT (-122.408708545 37.780971241),Phone,,,2024/11/04 06:00:00 AM,2024/11/05 08:59:40 AM
101001446258,02/10/2025 10:29:35 AM,02/11/2025 07:52:04 AM,02/11/2025 07:52:04 AM,Closed,Case Resolved - Please refer to TSS complaint report #700.  PG&E power outage.,MTA - Traffic Signal,Damage Property,traffic_signal,,"INTERSECTION 4TH ST, BRANNAN ST, SAN FRANCISCO, CA 94107",4TH ST,6,South of Market,South of Market,SOUTHERN,37.7783269286,-122.396530481,"(37.7783269286, -122.396530481)",POINT (-122.396530481 37.778326929),Phone,,,2025/02/21 06:00:00 AM,2025/02/22 08:58:41 AM
101001115050,12/04/2024 01:15:51 PM,12/04/2024 01:21:17 PM,12/04/2024 01:21:21 PM,Closed,Case is a Duplicate,311 - Supervisor,Damage Property,traffic_signal,,"INTERSECTION MARKET ST, 5TH ST, SAN FRANCISCO, CA 94102",MARKET ST,6,Downtown / Union Square,South of Market,TENDERLOIN,37.7839914164,-122.4080666083,"(37.7839914164, -122.4080666083)",POINT (-122.408066608 37.783991416),Phone,,,2024/12/14 06:00:00 AM,2024/12/15 08:58:03 AM
101001279019,01/08/2025 08:53:51 AM,01/09/2025 07:48:49 AM,01/09/2025 07:48:49 AM,Closed,"Case Resolved - Please refer to TSS complaint report #11.  Resolved wiring matter, restored three color opertaion.",MTA - Signal,Damage Property,traffic_signal,,"INTERSECTION MARKET ST, 4TH ST, SAN FRANCISCO, CA 94102",MARKET ST,6,South of Market,South of Market,TENDERLOIN,37.7857438394,-122.4058310695,"(37.7857438394, -122.4058310695)",POINT (-122.405831069 37.785743839),Phone,,,2025/01/19 06:00:00 AM,2025/01/20 09:01:03 AM
101001294349,01/10/2025 06:42:12 PM,01/10/2025 08:55:31 PM,01/10/2025 08:55:38 PM,Closed,Accepted - reported to public safety spoke with paul,311 - Supervisor,Damage Property,traffic_signal,,"INTERSECTION 4TH ST, MARKET ST, SAN FRANCISCO, CA 94102",4TH ST,6,South of Market,South of Market,TENDERLOIN,37.7857438394,-122.4058310695,"(37.7857438394, -122.4058310695)",POINT (-122.405831069 37.785743839),Phone,,,2025/01/20 06:00:00 AM,2025/01/21 09:01:25 AM
101001298012,01/11/2025 05:32:28 PM,01/14/2025 05:24:19 AM,01/14/2025 05:24:20 AM,Closed,Case Resolved,MTA - Muni Feedback Received,Damage Property,traffic_signal,,"584 4TH ST, SAN FRANCISCO, CA 94107",4TH ST,6,SOUTH OF MARKET,South of Market,SOUTHERN,37.77852120906022,-122.39688758970695,"(37.77852120906022, -122.39688758970695)",POINT (-122.39688759 37.778521209),Mobile,https://spot-sf-res.cloudinary.com/image/upload/v1736645546/san-francisco/production/rq1r0ralt4j0lri5rmvs.jpg,,2025/01/24 06:00:00 AM,2025/01/25 08:56:39 AM
101001837962,04/28/2025 06:33:31 PM,04/30/2025 08:44:47 AM,04/30/2025 08:44:47 AM,Closed,Case Resolved - Please refer to TSS complaint report #1757.  Restored three color operation.,MTA - Traffic Signal,Damage Property,traffic_signal,,"INTERSECTION 4TH ST, BRYANT ST, SAN FRANCISCO, CA 94107",4TH ST,6,South of Market,South of Market,SOUTHERN,37.7795669862,-122.398060014,"(37.7795669862, -122.398060014)",POINT (-122.398060014 37.779566986),Phone,,,2025/05/10 01:00:00 AM,2025/05/10 02:52:24 AM
101001837977,04/28/2025 06:36:13 PM,04/30/2025 08:42:42 AM,04/30/2025 08:42:42 AM,Closed,Case Resolved - Please refer to TSS complaint report #1776.  No problem found re: pedestrian signal.,MTA - Traffic Signal,Damage Property,traffic_signal,,"INTERSECTION BRYANT ST, 4TH ST, SAN FRANCISCO, CA 94107",BRYANT ST,6,South of Market,South of Market,SOUTHERN,37.7795669862,-122.398060014,"(37.7795669862, -122.398060014)",POINT (-122.398060014 37.779566986),Phone,,,2025/05/10 01:00:00 AM,2025/05/10 02:52:24 AM
101001832922,04/28/2025 07:04:31 AM,04/28/2025 09:01:08 AM,04/28/2025 09:01:15 AM,Closed,Case is Invalid - Damaged call box is on private property; the Renaissance Entrepreneurship Center will need to be contacted directly to request repair.,311 - Supervisor,Damage Property,traffic_signal,,"275 5TH ST, SAN FRANCISCO, CA 94103",5TH ST,6,SOUTH OF MARKET,South of Market,SOUTHERN,37.78062629595135,-122.4036904207991,"(37.78062629595135, -122.4036904207991)",POINT (-122.403690421 37.780626296),Mobile,https://spot-sf-res.cloudinary.com/image/upload/v1745849068/san-francisco/production/pt5lb7y5o8iijejywp0d.jpg,,2025/05/08 01:00:00 AM,2025/05/08 02:58:38 AM
101001299909,01/12/2025 10:33:40 AM,01/12/2025 02:14:48 PM,01/12/2025 04:49:10 PM,Closed,Case is a Duplicate - Please see Comp. # TSIG25-348 - 311-101001299150,MTA - Traffic Signal,Damage Property,traffic_signal,,"INTERSECTION 4TH ST, MARKET ST, SAN FRANCISCO, CA 94102",4TH ST,6,South of Market,South of Market,TENDERLOIN,37.7857438394,-122.4058310695,"(37.7857438394, -122.4058310695)",POINT (-122.405831069 37.785743839),Phone,,,2025/01/22 06:00:00 AM,2025/01/23 08:59:44 AM
101001489691,02/18/2025 05:54:07 PM,02/19/2025 09:24:09 AM,02/19/2025 09:24:09 AM,Closed,Case Resolved - 25-799,MTA - Traffic Signal,Damage Property,traffic_signal,,"INTERSECTION 5TH ST, FOLSOM ST, SAN FRANCISCO, CA 94103",5TH ST,6,South of Market,South of Market,SOUTHERN,37.780265065,-122.4033872372,"(37.780265065, -122.4033872372)",POINT (-122.403387237 37.780265065),Phone,,,2025/03/01 06:00:00 AM,2025/03/02 09:01:30 AM
101001638686,03/20/2025 08:48:32 AM,03/20/2025 12:24:26 PM,03/20/2025 12:24:26 PM,Closed,Case Resolved - 25-1116,MTA - Traffic Signal,Damage Property,traffic_signal,,"INTERSECTION 5TH ST, FOLSOM ST, SAN FRANCISCO, CA 94103",5TH ST,6,South of Market,South of Market,SOUTHERN,37.780265065,-122.4033872372,"(37.780265065, -122.4033872372)",POINT (-122.403387237 37.780265065),Phone,,,2025/03/30 01:00:00 AM,2025/03/30 02:50:11 AM
101001820935,04/25/2025 09:27:01 AM,04/28/2025 08:59:35 AM,04/28/2025 08:59:35 AM,Closed,Case Resolved - Please refer to TSS complaint report #1733.,MTA - Traffic Signal,Damage Property,traffic_signal,,"INTERSECTION 8TH ST, BRANNAN ST, SAN FRANCISCO, CA 94103",8TH ST,6,Showplace Square,South of Market,SOUTHERN,37.7712964638,-122.4054247274,"(37.7712964638, -122.4054247274)",POINT (-122.405424727 37.771296464),Phone,,,2025/05/08 01:00:00 AM,2025/05/08 02:58:38 AM
101001485443,02/18/2025 09:41:45 AM,02/19/2025 07:56:53 AM,02/19/2025 07:56:53 AM,Closed,Case Resolved - 25-801,MTA - Traffic Signal,Damage Property,traffic_signal,,"INTERSECTION HWY 101 S ON RAMP, 10TH ST, SAN FRANCISCO, CA 94103",HWY 101 S ON RAMP,6,SOUTH OF MARKET,South of Market,SOUTHERN,37.770396177627596,-122.40969680249691,"(37.770396177627596, -122.40969680249691)",POINT (-122.409696802 37.770396178),Mobile,https://spot-sf-res.cloudinary.com/image/upload/v1739900504/san-francisco/production/wgbpn56bmtuhzq9ad9y5.jpg,,2025/03/01 06:00:00 AM,2025/03/02 09:01:30 AM
101001775872,04/16/2025 10:18:57 AM,04/22/2025 12:00:00 AM,04/22/2025 12:27:39 PM,Closed,Case Resolved - Email sent to flag company. Will be addressed the next day. -,PW - Street Use and Mapping,Damage Property,traffic_signal,,"1410 FOLSOM ST, SAN FRANCISCO, CA 94103",FOLSOM ST,6,SOUTH OF MARKET,South of Market,SOUTHERN,37.77277755544604,-122.41305114036093,"(37.77277755544604, -122.41305114036093)",POINT (-122.41305114 37.772777555),Mobile,https://spot-sf-res.cloudinary.com/image/upload/v1744823936/san-francisco/production/qwm6ydzbmyg7pivdjttd.jpg,,2025/05/02 01:00:00 AM,2025/05/02 02:53:52 AM
101001495873,02/19/2025 08:32:02 PM,02/21/2025 08:51:46 AM,02/21/2025 08:51:46 AM,Closed,"Case Resolved - Please refer to TSS complaint report 812.  Reset,",MTA - Traffic Signal,Damage Property,traffic_signal,,"INTERSECTION 8TH ST, HARRISON ST, SAN FRANCISCO, CA 94103",8TH ST,6,South of Market,South of Market,SOUTHERN,37.7737595993,-122.4085162979,"(37.7737595993, -122.4085162979)",POINT (-122.408516298 37.773759599),Phone,,,2025/03/03 06:00:00 AM,2025/03/04 08:59:50 AM
101001846063,04/30/2025 10:21:59 AM,05/02/2025 10:13:02 AM,05/02/2025 10:13:02 AM,Closed,Case Resolved - Please refer to TSS complaint report #1785.  Repaired and re-aimed pedestrian signal.,MTA - Signal,Damage Property,traffic_signal,,"INTERSECTION PERRY ST, 3RD ST, SAN FRANCISCO, CA 94107",PERRY ST,6,South of Market,South of Market,SOUTHERN,37.782119238,-122.3968415609,"(37.782119238, -122.3968415609)",POINT (-122.396841561 37.782119238),Phone,,,2025/05/12 01:00:00 AM,2025/05/12 02:52:23 AM
101001850524,05/01/2025 01:32:17 AM,,05/01/2025 02:08:11 AM,Open,new,Emergency Management,Damage Property,traffic_signal,,"INTERSECTION 4TH ST, BRYANT ST, SAN FRANCISCO, CA 94107",4TH ST,6,South of Market,South of Market,SOUTHERN,37.7795669862,-122.398060014,"(37.7795669862, -122.398060014)",POINT (-122.398060014 37.779566986),Phone,,,2025/05/11 01:00:00 AM,2025/05/11 02:52:25 AM
101001466199,02/14/2025 02:18:10 AM,02/14/2025 08:48:46 AM,02/14/2025 08:48:46 AM,Closed,Case Resolved - 25-758,MTA - Traffic Signal,Damage Property,traffic_signal,,"INTERSECTION MISSION ST, 10TH ST, SAN FRANCISCO, CA 94103",MISSION ST,6,South of Market,South of Market,SOUTHERN,37.7752719124,-122.4159080785,"(37.7752719124, -122.4159080785)",POINT (-122.415908078 37.775271912),Phone,,,2025/02/24 06:00:00 AM,2025/02/25 01:44:38 PM
101001468196,02/14/2025 11:31:53 AM,03/04/2025 08:17:06 AM,03/04/2025 08:17:09 AM,Closed,Case Resolved - EAM Case 26168 update,MTA - Sign Shop,Damage Property,traffic_signal,,"INTERSECTION JULIA ST, MISSION ST, SAN FRANCISCO, CA 94103",JULIA ST,6,SOUTH OF MARKET,South of Market,SOUTHERN,37.7781096293495,-122.41244975477457,"(37.7781096293495, -122.41244975477457)",POINT (-122.412449755 37.778109629),Mobile,https://spot-sf-res.cloudinary.com/image/upload/v1739561509/san-francisco/production/lgphkj8szwgvfzvqodk0.jpg,,2025/03/14 06:00:00 AM,2025/03/15 08:58:46 AM
101001815874,04/24/2025 10:28:16 AM,04/25/2025 09:42:32 AM,04/25/2025 09:42:32 AM,Closed,Case Resolved - Please refer to TSS complaint report #1723.  No problem found.,MTA - Traffic Signal,Damage Property,traffic_signal,,"INTERSECTION 10TH ST, FOLSOM ST, SAN FRANCISCO, CA 94103",10TH ST,6,South of Market,South of Market,SOUTHERN,37.7728121372,-122.4128242408,"(37.7728121372, -122.4128242408)",POINT (-122.412824241 37.772812137),Phone,,,2025/05/05 01:00:00 AM,2025/05/05 02:53:50 AM
101001734444,04/08/2025 12:12:05 PM,04/08/2025 04:20:12 PM,04/08/2025 04:20:17 PM,Closed,Case is Invalid - Item submitted at 12PM and sent back by DPW after 1500hours.  Issue not DPW. Issue would be reported to PGE at 1-800-743-5000,311 - Supervisor,Damage Property,traffic_signal,,"1296 HOWARD ST, SAN FRANCISCO, CA 94103",HOWARD ST,6,SOUTH OF MARKET,South of Market,SOUTHERN,37.775191818555655,-122.41317163689733,"(37.775191818555655, -122.41317163689733)",POINT (-122.413171637 37.775191819),Mobile,,,2025/04/18 01:00:00 AM,2025/04/18 02:55:11 AM
101001844033,04/29/2025 08:12:34 PM,05/02/2025 10:25:37 AM,05/02/2025 10:25:37 AM,Closed,Case Resolved - Please refer to TSS complaint report #1779.,MTA - Traffic Signal,Damage Property,traffic_signal,,"INTERSECTION 7TH ST, BRYANT ST, SAN FRANCISCO, CA 94103",7TH ST,6,South of Market,South of Market,SOUTHERN,37.7742809188,-122.4047486028,"(37.7742809188, -122.4047486028)",POINT (-122.404748603 37.774280919),Phone,,,2025/05/12 01:00:00 AM,2025/05/12 02:52:23 AM
101001837963,04/28/2025 06:33:39 PM,04/30/2025 08:45:00 AM,04/30/2025 08:45:00 AM,Closed,Case Resolved - Please refer to TSS complaint report #1757.  Restored three color operation.,MTA - Traffic Signal,Damage Property,traffic_signal,,"INTERSECTION 4TH ST, BRYANT ST, SAN FRANCISCO, CA 94107",4TH ST,6,South of Market,South of Market,SOUTHERN,37.7795669862,-122.398060014,"(37.7795669862, -122.398060014)",POINT (-122.398060014 37.779566986),Test,,,2025/05/10 01:00:00 AM,2025/05/10 02:52:24 AM
101001859032,05/02/2025 12:20:54 PM,05/05/2025 09:15:02 AM,05/05/2025 09:15:02 AM,Closed,Case Resolved - Please refer to TSS complaint report #1812.,MTA - Traffic Signal,Damage Property,traffic_signal,,"INTERSECTION 8TH ST, BRANNAN ST, SAN FRANCISCO, CA 94103",8TH ST,6,Showplace Square,South of Market,SOUTHERN,37.7712964638,-122.4054247274,"(37.7712964638, -122.4054247274)",POINT (-122.405424727 37.771296464),Phone,,,2025/05/15 01:00:00 AM,2025/05/15 02:54:22 AM
101001877613,05/06/2025 10:37:17 AM,05/07/2025 09:46:43 AM,05/07/2025 09:46:43 AM,Closed,Case Resolved - Please refer to TSS complaint report #1863.  Intersection in normal operation upon arrival.  Cleaned detection cameras.,MTA - Signal,Damage Property,traffic_signal,,"INTERSECTION 5TH ST, BRANNAN ST, SAN FRANCISCO, CA 94107",5TH ST,6,South of Market,South of Market,SOUTHERN,37.7765682569,-122.3987554696,"(37.7765682569, -122.3987554696)",POINT (-122.39875547 37.776568257),Phone,,,2025/05/17 01:15:00 AM,2025/05/18 02:52:59 AM
101001845996,04/30/2025 10:16:04 AM,05/02/2025 10:18:18 AM,05/02/2025 10:18:18 AM,Closed,Case Resolved - Please refer to TSS complaint report #1800.  Got intersection into three color operation.,MTA - Signal,Damage Property,traffic_signal,,"INTERSECTION 8TH ST, BRANNAN ST, SAN FRANCISCO, CA 94103",8TH ST,6,Showplace Square,South of Market,SOUTHERN,37.7712964638,-122.4054247274,"(37.7712964638, -122.4054247274)",POINT (-122.405424727 37.771296464),Phone,,,2025/05/12 01:00:00 AM,2025/05/12 02:52:23 AM
101001890982,05/08/2025 04:20:15 PM,05/09/2025 08:41:50 AM,05/09/2025 08:41:50 AM,Closed,Case Resolved - This case was assigned to Traffic Signal Complaint TSIG 1906,MTA - Traffic Signal,Damage Property,traffic_signal,,"INTERSECTION MISSION ST, 9TH ST, SAN FRANCISCO, CA 94103",MISSION ST,6,South of Market,South of Market,SOUTHERN,37.7762305281,-122.4147111681,"(37.7762305281, -122.4147111681)",POINT (-122.414711168 37.776230528),Phone,,,2025/05/19 01:00:00 AM,2025/05/19 02:52:31 AM
101001891469,05/08/2025 05:53:09 PM,05/09/2025 09:55:05 AM,05/09/2025 09:55:05 AM,Closed,Case Resolved - This case was assigned to Traffic Signal Complaint TSIG 1907,MTA - Traffic Signal,Damage Property,traffic_signal,,"INTERSECTION 4TH ST, BRYANT ST, SAN FRANCISCO, CA 94107",4TH ST,6,South of Market,South of Market,SOUTHERN,37.7795669862,-122.398060014,"(37.7795669862, -122.398060014)",POINT (-122.398060014 37.779566986),Phone,,,2025/05/19 01:00:00 AM,2025/05/19 02:52:31 AM
101001900924,05/10/2025 06:13:33 PM,05/13/2025 12:00:00 AM,05/13/2025 01:42:52 PM,Closed,Case Resolved - condition restored.  jd 5.13.25  -,PW - Street Use and Mapping,Damage Property,traffic_signal,,"952 FOLSOM ST, SAN FRANCISCO, CA 94107",FOLSOM ST,6,SOUTH OF MARKET,South of Market,SOUTHERN,37.77943137792514,-122.40464146530047,"(37.77943137792514, -122.40464146530047)",POINT (-122.404641465 37.779431378),Mobile,https://spot-sf-res.cloudinary.com/image/upload/v1746926010/san-francisco/production/cjuird67p7asgk56zxri.jpg,,2025/05/23 01:00:00 AM,2025/05/23 02:55:58 AM
101001921591,05/14/2025 04:36:55 PM,05/27/2025 10:50:55 AM,05/27/2025 10:50:55 AM,Closed,Case Resolved - Please refer to TSS complaint report #1998.  Re-aimed vehicle signals.,MTA - Traffic Signal,Damage Property,traffic_signal,,"INTERSECTION HARRISON ST, 5TH ST, SAN FRANCISCO, CA 94107",HARRISON ST,6,South of Market,South of Market,SOUTHERN,37.7790321755,-122.401843247,"(37.7790321755, -122.401843247)",POINT (-122.401843247 37.779032175),Phone,,,2025/06/06 01:00:00 AM,2025/06/06 02:56:12 AM
101001962854,05/22/2025 11:13:14 AM,05/27/2025 11:23:16 AM,05/27/2025 11:23:16 AM,Closed,Case Resolved - Please refer to TSS complaint report #2076.  Re-lamped.,MTA - Traffic Signal,Damage Property,traffic_signal,,"INTERSECTION 7TH ST, BRYANT ST, SAN FRANCISCO, CA 94103",7TH ST,6,South of Market,South of Market,SOUTHERN,37.7742809188,-122.4047486028,"(37.7742809188, -122.4047486028)",POINT (-122.404748603 37.774280919),Phone,,,2025/06/06 01:00:00 AM,2025/06/06 02:56:12 AM
101001929372,05/16/2025 09:25:15 AM,05/19/2025 10:00:36 AM,05/19/2025 10:00:47 AM,Closed,Cancelled - Maximo Service Request has been cancelled. Memo:Please provide pole number(s) and/or pictures      Add'l Notes:     Please provide pole number(s) and/or pictures,PUC - Electric Power,Damage Property,traffic_signal,,"305 MINNA ST, SAN FRANCISCO, CA 94103",MINNA ST,6,SOUTH OF MARKET,South of Market,SOUTHERN,37.78381694892853,-122.40374464541675,"(37.78381694892853, -122.40374464541675)",POINT (-122.403744645 37.783816949),Mobile,https://spot-sf-res.cloudinary.com/image/upload/v1747412714/san-francisco/production/xmbj1sayopjnqil8ge5x.jpg,,2025/05/29 01:00:00 AM,2025/05/29 02:54:36 AM
101001952441,05/20/2025 03:25:41 PM,05/21/2025 12:25:10 PM,05/21/2025 12:25:10 PM,Closed,Case Resolved - This case was assigned to Traffic Signal Complaint TSIG 2051,MTA - Traffic Signal,Damage Property,traffic_signal,,"INTERSECTION BRYANT ST, 5TH ST, SAN FRANCISCO, CA 94107",BRYANT ST,6,South of Market,South of Market,SOUTHERN,37.7777990131,-122.4002979173,"(37.7777990131, -122.4002979173)",POINT (-122.400297917 37.777799013),Phone,,,2025/05/31 01:00:00 AM,2025/05/31 02:53:22 AM
101001969947,05/23/2025 02:02:40 PM,05/27/2025 07:34:29 AM,05/27/2025 07:34:29 AM,Closed,"Case Resolved - Please refer to TSS complaint report #2129.  Restored three color operation, troubleshoot.  Filed request for additional investigation.",MTA - Traffic Signal,Damage Property,traffic_signal,,"INTERSECTION 8TH ST, BRANNAN ST, SAN FRANCISCO, CA 94103",8TH ST,6,Showplace Square,South of Market,SOUTHERN,37.7712964638,-122.4054247274,"(37.7712964638, -122.4054247274)",POINT (-122.405424727 37.771296464),Phone,,,2025/06/06 01:00:00 AM,2025/06/06 02:56:12 AM
101001970013,05/23/2025 02:12:29 PM,05/27/2025 07:34:02 AM,05/27/2025 07:34:02 AM,Closed,"Case Resolved - Please refer to TSs complaint report #2129.  Restored three color operation, troubleshoot.  Filed request for additional investigation.",MTA - Traffic Signal,Damage Property,traffic_signal,,"900 BRANNAN ST, SAN FRANCISCO, CA 94103",BRANNAN ST,6,SHOWPLACE SQUARE,South of Market,SOUTHERN,37.771340725156314,-122.40549109876157,"(37.771340725156314, -122.40549109876157)",POINT (-122.405491099 37.771340725),Mobile,,,2025/06/06 01:00:00 AM,2025/06/06 02:56:12 AM
101001974605,05/24/2025 02:07:10 PM,05/27/2025 07:34:43 AM,05/27/2025 07:34:43 AM,Closed,"Case Resolved - Please refer to TSs complaint report #2129.  Restored three color operation, troubleshoot.  Filed request for additional investigation.",MTA - Traffic Signal,Damage Property,traffic_signal,,"INTERSECTION BRANNAN ST, 8TH ST, SAN FRANCISCO, CA 94103",BRANNAN ST,6,Showplace Square,South of Market,SOUTHERN,37.7712964638,-122.4054247274,"(37.7712964638, -122.4054247274)",POINT (-122.405424727 37.771296464),Phone,,,2025/06/06 01:00:00 AM,2025/06/06 02:56:12 AM
101001977150,05/25/2025 09:21:39 AM,05/27/2025 07:40:25 AM,05/27/2025 07:40:25 AM,Closed,Case Resolved - Please refer to TSS complaint report #2130.  Repaired and re-aimed vehicle signal.,MTA - Signal,Damage Property,traffic_signal,,"INTERSECTION 3RD ST, HARRISON ST, SAN FRANCISCO, CA 94107",3RD ST,6,South of Market,South of Market,SOUTHERN,37.7825535578,-122.3973856502,"(37.7825535578, -122.3973856502)",POINT (-122.39738565 37.782553558),Phone,,,2025/06/06 01:00:00 AM,2025/06/06 02:56:12 AM
101001999150,05/29/2025 11:08:38 AM,05/30/2025 11:03:45 AM,05/30/2025 11:03:45 AM,Closed,Case Resolved - Please refer to TSS complaint report #2203.  No problem found.  PCO manually controlling traffic because of construction.,MTA - Traffic Signal,Damage Property,traffic_signal,,"INTERSECTION BRYANT ST, 3RD ST, SAN FRANCISCO, CA 94107",BRYANT ST,6,South of Market,South of Market,SOUTHERN,37.7813211115,-122.3958434558,"(37.7813211115, -122.3958434558)",POINT (-122.395843456 37.781321111),Phone,,,2025/06/09 01:00:00 AM,2025/06/09 02:54:28 AM
101002016134,06/01/2025 12:17:33 PM,06/06/2025 05:00:42 PM,06/06/2025 05:00:42 PM,Closed,Case Transferred - Per process - cases are closed 5 days after assignment.,311 - Service Request Hold,Damage Property,traffic_signal,,"INTERSECTION MARKET ST, STOCKTON ST, SAN FRANCISCO, CA 94102",MARKET ST,6,South of Market,South of Market,TENDERLOIN,37.7857438394,-122.4058310695,"(37.7857438394, -122.4058310695)",POINT (-122.405831069 37.785743839),Phone,,,2025/06/16 01:00:00 AM,2025/06/16 02:56:41 AM
101002044712,06/06/2025 05:43:43 AM,06/09/2025 12:14:41 PM,06/09/2025 12:14:41 PM,Closed,Case Resolved - This case was assigned to Traffic Signal Complaint TSIG 2350,MTA - Signal,Damage Property,traffic_signal,,"INTERSECTION MISSION ST, 9TH ST, SAN FRANCISCO, CA 94103",MISSION ST,6,South of Market,South of Market,SOUTHERN,37.7762305281,-122.4147111681,"(37.7762305281, -122.4147111681)",POINT (-122.414711168 37.776230528),Phone,,,2025/06/19 01:00:00 AM,2025/06/19 02:54:34 AM
101002044819,06/06/2025 06:40:24 AM,06/10/2025 11:10:37 AM,06/10/2025 11:10:37 AM,Closed,"Case Resolved - Please refer to TSS complaint report #2315.  PG&E power outage, PG&E to restore power.",MTA - Signal,Damage Property,traffic_signal,,"INTERSECTION 8TH ST, HARRISON ST, SAN FRANCISCO, CA 94103",8TH ST,6,South of Market,South of Market,SOUTHERN,37.7737595993,-122.4085162979,"(37.7737595993, -122.4085162979)",POINT (-122.408516298 37.773759599),Phone,,,2025/06/20 01:00:00 AM,2025/06/20 02:54:28 AM
101002041480,06/05/2025 12:37:28 PM,06/10/2025 11:07:04 AM,06/10/2025 11:07:04 AM,Closed,Case Resolved - Please refer to TSS complaint report #2310.  Intersection operating as per program.,MTA - Traffic Signal,Damage Property,traffic_signal,,"INTERSECTION FOLSOM ST, 5TH ST, SAN FRANCISCO, CA 94103",FOLSOM ST,6,South of Market,South of Market,SOUTHERN,37.780265065,-122.4033872372,"(37.780265065, -122.4033872372)",POINT (-122.403387237 37.780265065),Phone,,,2025/06/20 01:00:00 AM,2025/06/20 02:54:28 AM
101002078591,06/12/2025 07:39:52 AM,06/17/2025 12:59:50 PM,06/17/2025 12:59:50 PM,Closed,Case Resolved - TSIG25-2470,MTA - Signal,Damage Property,traffic_signal,,"100 RUSS ST, SAN FRANCISCO, CA 94103",RUSS ST,6,SOUTH OF MARKET,South of Market,SOUTHERN,37.778729101702005,-122.40823449539755,"(37.778729101702005, -122.40823449539755)",POINT (-122.408234495 37.778729102),Mobile,https://spot-sf-res.cloudinary.com/image/upload/v1749739191/san-francisco/production/f6c4cjvyeudyx14bajnz.jpg,,2025/06/24 01:00:00 AM,2025/06/24 02:55:17 AM
101002105079,06/17/2025 08:17:41 AM,06/17/2025 01:13:42 PM,06/17/2025 01:13:42 PM,Closed,Case Resolved - TSIG25-2471,MTA - Traffic Signal,Damage Property,traffic_signal,,"INTERSECTION HARRISON ST, 8TH ST, SAN FRANCISCO, CA 94103",HARRISON ST,6,South of Market,South of Market,SOUTHERN,37.7737595993,-122.4085162979,"(37.7737595993, -122.4085162979)",POINT (-122.408516298 37.773759599),Phone,,,2025/06/24 01:00:00 AM,2025/06/24 02:55:17 AM
101002119192,06/19/2025 03:07:18 PM,06/20/2025 01:02:40 PM,06/20/2025 01:02:40 PM,Closed,Case Resolved -   TSIG25-2531,MTA - Traffic Signal,Damage Property,traffic_signal,,"INTERSECTION 5TH ST, BRYANT ST, SAN FRANCISCO, CA 94107",5TH ST,6,South of Market,South of Market,SOUTHERN,37.7777990131,-122.4002979173,"(37.7777990131, -122.4002979173)",POINT (-122.400297917 37.777799013),Phone,,,2025/06/24 01:00:00 AM,2025/06/24 02:55:17 AM
101002119216,06/19/2025 03:10:49 PM,06/20/2025 01:02:49 PM,06/20/2025 01:02:49 PM,Closed,Case Resolved -  TSIG25-2531,MTA - Traffic Signal,Damage Property,traffic_signal,,"INTERSECTION 5TH ST, FOLSOM ST, SAN FRANCISCO, CA 94103",5TH ST,6,South of Market,South of Market,SOUTHERN,37.780265065,-122.4033872372,"(37.780265065, -122.4033872372)",POINT (-122.403387237 37.780265065),Phone,,,2025/06/24 01:00:00 AM,2025/06/24 02:55:17 AM
101002119222,06/19/2025 03:11:16 PM,06/20/2025 01:03:01 PM,06/20/2025 01:03:01 PM,Closed,Case Resolved -  TSIG25-2531,MTA - Traffic Signal,Damage Property,traffic_signal,,"INTERSECTION 5TH ST, HOWARD ST, SAN FRANCISCO, CA 94103",5TH ST,6,South of Market,South of Market,SOUTHERN,37.781499548,-122.4049333966,"(37.781499548, -122.4049333966)",POINT (-122.404933397 37.781499548),Phone,,,2025/06/24 01:00:00 AM,2025/06/24 02:55:17 AM
101002119223,06/19/2025 03:11:42 PM,06/20/2025 01:03:11 PM,06/20/2025 01:03:12 PM,Closed,Case Resolved -  TSIG25-2531,MTA - Traffic Signal,Damage Property,traffic_signal,,"INTERSECTION 5TH ST, FOLSOM ST, SAN FRANCISCO, CA 94103",5TH ST,6,South of Market,South of Market,SOUTHERN,37.780265065,-122.4033872372,"(37.780265065, -122.4033872372)",POINT (-122.403387237 37.780265065),Phone,,,2025/06/24 01:00:00 AM,2025/06/24 02:55:17 AM
101002121165,06/20/2025 05:15:04 AM,06/20/2025 07:56:25 AM,06/20/2025 07:56:25 AM,Closed,Case Resolved - TSIG25-2514,MTA - Signal,Damage Property,traffic_signal,,"INTERSECTION 4TH ST, BRYANT ST, SAN FRANCISCO, CA 94107",4TH ST,6,South of Market,South of Market,SOUTHERN,37.7795669862,-122.398060014,"(37.7795669862, -122.398060014)",POINT (-122.398060014 37.779566986),Phone,,,2025/06/24 01:00:00 AM,2025/06/24 02:55:17 AM
101002141432,06/23/2025 08:41:22 PM,,06/23/2025 09:27:59 PM,Open,new,MTA - Signal,Damage Property,traffic_signal,,"INTERSECTION 4TH ST, BRYANT ST, SAN FRANCISCO, CA 94107",4TH ST,6,South of Market,South of Market,SOUTHERN,37.7795669862,-122.398060014,"(37.7795669862, -122.398060014)",POINT (-122.398060014 37.779566986),Phone,,,2025/06/24 01:00:00 AM,2025/06/24 02:55:17 AM
101002141431,06/23/2025 08:40:51 PM,,06/23/2025 09:28:41 PM,Open,new,MTA - Traffic Signal,Damage Property,traffic_signal,,"INTERSECTION 4TH ST, BRYANT ST, SAN FRANCISCO, CA 94107",4TH ST,6,South of Market,South of Market,SOUTHERN,37.7795669862,-122.398060014,"(37.7795669862, -122.398060014)",POINT (-122.398060014 37.779566986),Phone,,,2025/06/24 01:00:00 AM,2025/06/24 02:55:17 AM
