Row ID,Incident Datetime,Incident Date,Incident Time,Incident Year,Incident Day of Week,Report Datetime,Incident ID,Incident Number,CAD Number,Report Type Code,Report Type Description,Incident Code,Incident Category,Incident Subcategory,Incident Description,Resolution,Intersection,CNN,Police District_accident,Analysis Neighborhood_accident,Supervisor District_accident,Supervisor District 2012,Latitude_accident,Longitude_accident,Point_accident,data_as_of_accident,data_loaded_at_accident,Year_accident,Month_accident,DayOfWeek_accident,Location_accident,lat_round,lon_round,CaseID,Opened,Closed,Updated,Status,Status Notes,Responsible Agency,Category,Request Type,Request Details,Address,Street,Supervisor District_complaint,Neighborhood,Analysis Neighborhood_complaint,Police District_complaint,Latitude_complaint,Longitude_complaint,Point_complaint,point_geom,Source,data_as_of_complaint,data_loaded_at_complaint,Year_complaint,Month_complaint,DayOfWeek_complaint,Location_complaint
149119868060,2025-06-19 05:46:00,2025-06-19,05:46:00,2025,Thursday,2025-06-19 05:46:00,1491198,250340470,251700373.0,II,Initial,68060,Traffic Collision,Traffic Collision - Hit & Run,"Traffic Collision, Hit & Run, Property Damage",Cite or Arrest Adult,JESSIE ST \ MINT PLZ \ MINT ST,24866000,Tenderloin,South of Market,6,6,37.78261184692383,-122.40769958496094,POINT (-122.407699585 37.782611847),2025/06/20 09:37:31 AM,2025/06/21 09:52:45 AM,2025,6,Thursday,"37.78261184692383,-122.40769958496094",37.783,-122.408,101001416417,2025-02-04 10:48:42,03/07/2025 12:00:00 AM,03/07/2025 02:08:10 PM,Closed,Case Resolved - Fallen DPT sign -  X1104: 1270629,PW - Street Use and Mapping,Damage Property,traffic_signal,,"INTERSECTION MINT PLZ, MINT ST, SAN FRANCISCO, CA 94103",MINT PLZ,6,SOUTH OF MARKET,South of Market,TENDERLOIN,37.78264229148782,-122.4077719822526,"(37.78264229148782, -122.4077719822526)",POINT (-122.407771982 37.782642291),Mobile,2025/03/17 06:00:00 AM,2025/03/18 08:59:54 AM,2025,2,Tuesday,"37.78264229148782,-122.4077719822526"
145270468069,2025-01-07 20:06:00,2025-01-07,20:06:00,2025,Tuesday,2025-01-07 20:07:00,1452704,250014158,250073197.0,IS,Initial Supplement,68069,Traffic Collision,Traffic Collision - Hit & Run,"Traffic Collision, Hit & Run, Injury",Cite or Arrest Adult,05TH ST \ CLEMENTINA ST,23939000,Southern,South of Market,6,6,37.78070068359375,-122.40392303466795,POINT (-122.403923035 37.780700684),2025/06/12 10:07:02 AM,2025/06/13 09:52:57 AM,2025,1,Tuesday,"37.78070068359375,-122.40392303466795",37.781,-122.404,101001832922,2025-04-28 07:04:31,04/28/2025 09:01:08 AM,04/28/2025 09:01:15 AM,Closed,Case is Invalid - Damaged call box is on private property; the Renaissance Entrepreneurship Center will need to be contacted directly to request repair.,311 - Supervisor,Damage Property,traffic_signal,,"275 5TH ST, SAN FRANCISCO, CA 94103",5TH ST,6,SOUTH OF MARKET,South of Market,SOUTHERN,37.78062629595135,-122.4036904207991,"(37.78062629595135, -122.4036904207991)",POINT (-122.403690421 37.780626296),Mobile,2025/05/08 01:00:00 AM,2025/05/08 02:58:38 AM,2025,4,Monday,"37.78062629595135,-122.4036904207991"
137684868069,2024-03-26 08:54:00,2024-03-26,08:54:00,2024,Tuesday,2024-03-26 08:59:00,1376848,240191540,240860801.0,IS,Initial Supplement,68069,Traffic Collision,Traffic Collision - Hit & Run,"Traffic Collision, Hit & Run, Injury",Cite or Arrest Adult,05TH ST \ CLEMENTINA ST,23939000,Southern,South of Market,6,6,37.78070068359375,-122.40392303466795,POINT (-122.403923035 37.780700684),2025/06/12 10:07:02 AM,2025/06/13 09:52:57 AM,2024,3,Tuesday,"37.78070068359375,-122.40392303466795",37.781,-122.404,101001832922,2025-04-28 07:04:31,04/28/2025 09:01:08 AM,04/28/2025 09:01:15 AM,Closed,Case is Invalid - Damaged call box is on private property; the Renaissance Entrepreneurship Center will need to be contacted directly to request repair.,311 - Supervisor,Damage Property,traffic_signal,,"275 5TH ST, SAN FRANCISCO, CA 94103",5TH ST,6,SOUTH OF MARKET,South of Market,SOUTHERN,37.78062629595135,-122.4036904207991,"(37.78062629595135, -122.4036904207991)",POINT (-122.403690421 37.780626296),Mobile,2025/05/08 01:00:00 AM,2025/05/08 02:58:38 AM,2025,4,Monday,"37.78062629595135,-122.4036904207991"
137703768069,2024-03-26 08:54:00,2024-03-26,08:54:00,2024,Tuesday,2024-03-27 11:30:00,1377037,240191540,240860801.0,IS,Initial Supplement,68069,Traffic Collision,Traffic Collision - Hit & Run,"Traffic Collision, Hit & Run, Injury",Cite or Arrest Adult,05TH ST \ CLEMENTINA ST,23939000,Southern,South of Market,6,6,37.78070068359375,-122.40392303466795,POINT (-122.403923035 37.780700684),2025/06/12 10:07:02 AM,2025/06/13 09:52:57 AM,2024,3,Tuesday,"37.78070068359375,-122.40392303466795",37.781,-122.404,101001832922,2025-04-28 07:04:31,04/28/2025 09:01:08 AM,04/28/2025 09:01:15 AM,Closed,Case is Invalid - Damaged call box is on private property; the Renaissance Entrepreneurship Center will need to be contacted directly to request repair.,311 - Supervisor,Damage Property,traffic_signal,,"275 5TH ST, SAN FRANCISCO, CA 94103",5TH ST,6,SOUTH OF MARKET,South of Market,SOUTHERN,37.78062629595135,-122.4036904207991,"(37.78062629595135, -122.4036904207991)",POINT (-122.403690421 37.780626296),Mobile,2025/05/08 01:00:00 AM,2025/05/08 02:58:38 AM,2025,4,Monday,"37.78062629595135,-122.4036904207991"
145576868050,2025-01-19 18:08:00,2025-01-19,18:08:00,2025,Sunday,2025-01-19 18:15:00,1455768,250037332,250192286.0,IS,Initial Supplement,68050,Traffic Collision,Traffic Collision,Traffic Collision,Cite or Arrest Adult,06TH ST \ HARRISON ST,23919000,Southern,South of Market,6,6,37.77727127075195,-122.40406799316406,POINT (-122.404067993 37.777271271),2025/06/12 10:07:02 AM,2025/06/13 09:52:57 AM,2025,1,Sunday,"37.77727127075195,-122.40406799316406",37.777,-122.404,101000577824,2024-08-22 08:25:35,08/28/2024 02:22:00 PM,08/29/2024 02:05:21 AM,Closed,"Case Resolved - 8.23.24: Inspected location and placed cone over hazard.  jd  - X1104 # 1260690 DTIS,",PW - Street Use and Mapping,Damage Property,traffic_signal,,"400 6TH ST, SAN FRANCISCO, CA 94103",6TH ST,6,SOUTH OF MARKET,South of Market,SOUTHERN,37.777132455239865,-122.40407921552568,"(37.777132455239865, -122.40407921552567)",POINT (-122.404079216 37.777132455),Mobile,2024/09/08 06:00:00 AM,2024/09/11 05:09:50 PM,2024,8,Thursday,"37.777132455239865,-122.40407921552568"
145592268050,2025-01-19 16:08:00,2025-01-19,16:08:00,2025,Sunday,2025-01-20 11:00:00,1455922,250037332,250192286.0,IS,Initial Supplement,68050,Traffic Collision,Traffic Collision,Traffic Collision,Cite or Arrest Adult,06TH ST \ HARRISON ST,23919000,Southern,South of Market,6,6,37.77727127075195,-122.40406799316406,POINT (-122.404067993 37.777271271),2025/06/12 10:07:02 AM,2025/06/13 09:52:57 AM,2025,1,Sunday,"37.77727127075195,-122.40406799316406",37.777,-122.404,101000577824,2024-08-22 08:25:35,08/28/2024 02:22:00 PM,08/29/2024 02:05:21 AM,Closed,"Case Resolved - 8.23.24: Inspected location and placed cone over hazard.  jd  - X1104 # 1260690 DTIS,",PW - Street Use and Mapping,Damage Property,traffic_signal,,"400 6TH ST, SAN FRANCISCO, CA 94103",6TH ST,6,SOUTH OF MARKET,South of Market,SOUTHERN,37.777132455239865,-122.40407921552568,"(37.777132455239865, -122.40407921552567)",POINT (-122.404079216 37.777132455),Mobile,2024/09/08 06:00:00 AM,2024/09/11 05:09:50 PM,2024,8,Thursday,"37.777132455239865,-122.40407921552568"
140780468050,2024-06-30 16:48:00,2024-06-30,16:48:00,2024,Sunday,2024-07-17 14:33:00,1407804,240407535,241822191.0,IS,Initial Supplement,68050,Traffic Collision,Traffic Collision,Traffic Collision,Cite or Arrest Adult,06TH ST \ HARRISON ST,23919000,Southern,South of Market,6,6,37.77727127075195,-122.40406799316406,POINT (-122.404067993 37.777271271),2025/06/12 10:07:02 AM,2025/06/13 09:52:57 AM,2024,6,Sunday,"37.77727127075195,-122.40406799316406",37.777,-122.404,101000577824,2024-08-22 08:25:35,08/28/2024 02:22:00 PM,08/29/2024 02:05:21 AM,Closed,"Case Resolved - 8.23.24: Inspected location and placed cone over hazard.  jd  - X1104 # 1260690 DTIS,",PW - Street Use and Mapping,Damage Property,traffic_signal,,"400 6TH ST, SAN FRANCISCO, CA 94103",6TH ST,6,SOUTH OF MARKET,South of Market,SOUTHERN,37.777132455239865,-122.40407921552568,"(37.777132455239865, -122.40407921552567)",POINT (-122.404079216 37.777132455),Mobile,2024/09/08 06:00:00 AM,2024/09/11 05:09:50 PM,2024,8,Thursday,"37.777132455239865,-122.40407921552568"
145697868069,2025-01-24 21:41:00,2025-01-24,21:41:00,2025,Friday,2025-01-24 22:17:00,1456978,250048000,250243490.0,II,Initial,68069,Traffic Collision,Traffic Collision - Hit & Run,"Traffic Collision, Hit & Run, Injury",Open or Active,11TH ST \ 13TH ST \ BRYANT ST \ DIVISION ST,24216000,Southern,South of Market,6,6,37.769412994384766,-122.4109344482422,POINT (-122.410934448 37.769412994),2025/06/12 10:07:02 AM,2025/06/13 09:52:57 AM,2025,1,Friday,"37.769412994384766,-122.4109344482422",37.769,-122.411,101000784038,2024-09-30 12:39:07,09/30/2024 02:03:08 PM,09/30/2024 02:03:08 PM,Closed,"Case Resolved - PG&E power outage, PG&E to restore power.",MTA - Signal,Damage Property,traffic_signal,,"INTERSECTION 11TH ST, BRYANT ST, SAN FRANCISCO, CA 94103",11TH ST,6,Mission,South of Market,MISSION,37.7694111246,-122.4109310143,"(37.7694111246, -122.4109310143)",POINT (-122.410931014 37.769411125),Phone,2024/10/10 06:00:00 AM,2024/10/11 08:57:42 AM,2024,9,Monday,"37.7694111246,-122.4109310143"
148282568060,2025-05-12 13:06:00,2025-05-12,13:06:00,2025,Monday,2025-05-12 13:06:00,1482825,250262335,251301402.0,IS,Initial Supplement,68060,Traffic Collision,Traffic Collision - Hit & Run,"Traffic Collision, Hit & Run, Property Damage",Open or Active,HOWARD ST \ RUSS ST,24287000,Southern,South of Market,6,6,37.77886199951172,-122.40827178955078,POINT (-122.40827179 37.778862),2025/06/12 10:07:02 AM,2025/06/13 09:52:57 AM,2025,5,Monday,"37.77886199951172,-122.40827178955078",37.779,-122.408,101000738787,2024-09-21 20:36:11,09/23/2024 08:52:48 AM,09/23/2024 08:52:48 AM,Closed,"Case Resolved - Please refer to Traffic Signal Shop complaint report 24-2808 FU.  Repaired wires,",MTA - Traffic Signal,Damage Property,traffic_signal,,"INTERSECTION HOWARD ST, RUSS ST, SAN FRANCISCO, CA 94103",HOWARD ST,6,South of Market,South of Market,SOUTHERN,37.7788607251,-122.4082715349,"(37.7788607251, -122.4082715349)",POINT (-122.408271535 37.778860725),Phone,2024/10/03 06:00:00 AM,2024/10/04 08:54:42 AM,2024,9,Saturday,"37.7788607251,-122.4082715349"
148282568060,2025-05-12 13:06:00,2025-05-12,13:06:00,2025,Monday,2025-05-12 13:06:00,1482825,250262335,251301402.0,IS,Initial Supplement,68060,Traffic Collision,Traffic Collision - Hit & Run,"Traffic Collision, Hit & Run, Property Damage",Open or Active,HOWARD ST \ RUSS ST,24287000,Southern,South of Market,6,6,37.77886199951172,-122.40827178955078,POINT (-122.40827179 37.778862),2025/06/12 10:07:02 AM,2025/06/13 09:52:57 AM,2025,5,Monday,"37.77886199951172,-122.40827178955078",37.779,-122.408,101002078591,2025-06-12 07:39:52,06/17/2025 12:59:50 PM,06/17/2025 12:59:50 PM,Closed,Case Resolved - TSIG25-2470,MTA - Signal,Damage Property,traffic_signal,,"100 RUSS ST, SAN FRANCISCO, CA 94103",RUSS ST,6,SOUTH OF MARKET,South of Market,SOUTHERN,37.778729101702005,-122.40823449539756,"(37.778729101702005, -122.40823449539755)",POINT (-122.408234495 37.778729102),Mobile,2025/06/24 01:00:00 AM,2025/06/24 02:55:17 AM,2025,6,Thursday,"37.778729101702005,-122.40823449539756"
148347668060,2025-05-14 12:45:00,2025-05-14,12:45:00,2025,Wednesday,2025-05-14 22:35:00,1483476,250271784,251343101.0,IS,Initial Supplement,68060,Traffic Collision,Traffic Collision - Hit & Run,"Traffic Collision, Hit & Run, Property Damage",Open or Active,10TH ST \ FOLSOM ST,24233000,Tenderloin,South of Market,6,6,37.77281188964844,-122.41282653808594,POINT (-122.412826538 37.77281189),2025/06/12 10:07:02 AM,2025/06/13 09:52:57 AM,2025,5,Wednesday,"37.77281188964844,-122.41282653808594",37.773,-122.413,101000784211,2024-09-30 12:55:46,09/30/2024 01:13:44 PM,09/30/2024 01:13:47 PM,Closed,Case Resolved,311 - Supervisor,Damage Property,traffic_signal,,"INTERSECTION 10TH ST, FOLSOM ST, SAN FRANCISCO, CA 94103",10TH ST,6,South of Market,South of Market,SOUTHERN,37.7728121372,-122.4128242408,"(37.7728121372, -122.4128242408)",POINT (-122.412824241 37.772812137),Phone,2024/10/10 06:00:00 AM,2024/10/11 08:57:42 AM,2024,9,Monday,"37.7728121372,-122.4128242408"
148347668060,2025-05-14 12:45:00,2025-05-14,12:45:00,2025,Wednesday,2025-05-14 22:35:00,1483476,250271784,251343101.0,IS,Initial Supplement,68060,Traffic Collision,Traffic Collision - Hit & Run,"Traffic Collision, Hit & Run, Property Damage",Open or Active,10TH ST \ FOLSOM ST,24233000,Tenderloin,South of Market,6,6,37.77281188964844,-122.41282653808594,POINT (-122.412826538 37.77281189),2025/06/12 10:07:02 AM,2025/06/13 09:52:57 AM,2025,5,Wednesday,"37.77281188964844,-122.41282653808594",37.773,-122.413,101001775872,2025-04-16 10:18:57,04/22/2025 12:00:00 AM,04/22/2025 12:27:39 PM,Closed,Case Resolved - Email sent to flag company. Will be addressed the next day. -,PW - Street Use and Mapping,Damage Property,traffic_signal,,"1410 FOLSOM ST, SAN FRANCISCO, CA 94103",FOLSOM ST,6,SOUTH OF MARKET,South of Market,SOUTHERN,37.77277755544604,-122.41305114036092,"(37.77277755544604, -122.41305114036093)",POINT (-122.41305114 37.772777555),Mobile,2025/05/02 01:00:00 AM,2025/05/02 02:53:52 AM,2025,4,Wednesday,"37.77277755544604,-122.41305114036092"
148347668060,2025-05-14 12:45:00,2025-05-14,12:45:00,2025,Wednesday,2025-05-14 22:35:00,1483476,250271784,251343101.0,IS,Initial Supplement,68060,Traffic Collision,Traffic Collision - Hit & Run,"Traffic Collision, Hit & Run, Property Damage",Open or Active,10TH ST \ FOLSOM ST,24233000,Tenderloin,South of Market,6,6,37.77281188964844,-122.41282653808594,POINT (-122.412826538 37.77281189),2025/06/12 10:07:02 AM,2025/06/13 09:52:57 AM,2025,5,Wednesday,"37.77281188964844,-122.41282653808594",37.773,-122.413,101001815874,2025-04-24 10:28:16,04/25/2025 09:42:32 AM,04/25/2025 09:42:32 AM,Closed,Case Resolved - Please refer to TSS complaint report #1723.  No problem found.,MTA - Traffic Signal,Damage Property,traffic_signal,,"INTERSECTION 10TH ST, FOLSOM ST, SAN FRANCISCO, CA 94103",10TH ST,6,South of Market,South of Market,SOUTHERN,37.7728121372,-122.4128242408,"(37.7728121372, -122.4128242408)",POINT (-122.412824241 37.772812137),Phone,2025/05/05 01:00:00 AM,2025/05/05 02:53:50 AM,2025,4,Thursday,"37.7728121372,-122.4128242408"
148740268060,2025-05-30 23:47:00,2025-05-30,23:47:00,2025,Friday,2025-05-30 23:47:00,1487402,250304028,251503627.0,II,Initial,68060,Traffic Collision,Traffic Collision - Hit & Run,"Traffic Collision, Hit & Run, Property Damage",Open or Active,04TH ST \ ELLIS ST \ MARKET ST \ STOCKTON ST,24892000,Central,South of Market,6,6,37.785743713378906,-122.40583038330078,POINT (-122.405830383 37.785743713),2025/06/12 10:07:02 AM,2025/06/13 09:52:57 AM,2025,5,Friday,"37.785743713378906,-122.40583038330078",37.786,-122.406,101001299150,2025-01-12 07:30:38,01/13/2025 03:56:11 PM,01/13/2025 03:56:11 PM,Closed,Case Resolved - TSIG-365,MTA - Signal,Damage Property,traffic_signal,,"INTERSECTION MARKET ST, 4TH ST, SAN FRANCISCO, CA 94102",MARKET ST,6,South of Market,South of Market,TENDERLOIN,37.7857438394,-122.4058310695,"(37.7857438394, -122.4058310695)",POINT (-122.405831069 37.785743839),Phone,2025/01/23 06:00:00 AM,2025/01/24 08:57:28 AM,2025,1,Sunday,"37.7857438394,-122.4058310695"
148740268060,2025-05-30 23:47:00,2025-05-30,23:47:00,2025,Friday,2025-05-30 23:47:00,1487402,250304028,251503627.0,II,Initial,68060,Traffic Collision,Traffic Collision - Hit & Run,"Traffic Collision, Hit & Run, Property Damage",Open or Active,04TH ST \ ELLIS ST \ MARKET ST \ STOCKTON ST,24892000,Central,South of Market,6,6,37.785743713378906,-122.40583038330078,POINT (-122.405830383 37.785743713),2025/06/12 10:07:02 AM,2025/06/13 09:52:57 AM,2025,5,Friday,"37.785743713378906,-122.40583038330078",37.786,-122.406,101001279019,2025-01-08 08:53:51,01/09/2025 07:48:49 AM,01/09/2025 07:48:49 AM,Closed,"Case Resolved - Please refer to TSS complaint report #11.  Resolved wiring matter, restored three color opertaion.",MTA - Signal,Damage Property,traffic_signal,,"INTERSECTION MARKET ST, 4TH ST, SAN FRANCISCO, CA 94102",MARKET ST,6,South of Market,South of Market,TENDERLOIN,37.7857438394,-122.4058310695,"(37.7857438394, -122.4058310695)",POINT (-122.405831069 37.785743839),Phone,2025/01/19 06:00:00 AM,2025/01/20 09:01:03 AM,2025,1,Wednesday,"37.7857438394,-122.4058310695"
148740268060,2025-05-30 23:47:00,2025-05-30,23:47:00,2025,Friday,2025-05-30 23:47:00,1487402,250304028,251503627.0,II,Initial,68060,Traffic Collision,Traffic Collision - Hit & Run,"Traffic Collision, Hit & Run, Property Damage",Open or Active,04TH ST \ ELLIS ST \ MARKET ST \ STOCKTON ST,24892000,Central,South of Market,6,6,37.785743713378906,-122.40583038330078,POINT (-122.405830383 37.785743713),2025/06/12 10:07:02 AM,2025/06/13 09:52:57 AM,2025,5,Friday,"37.785743713378906,-122.40583038330078",37.786,-122.406,101001294349,2025-01-10 18:42:12,01/10/2025 08:55:31 PM,01/10/2025 08:55:38 PM,Closed,Accepted - reported to public safety spoke with paul,311 - Supervisor,Damage Property,traffic_signal,,"INTERSECTION 4TH ST, MARKET ST, SAN FRANCISCO, CA 94102",4TH ST,6,South of Market,South of Market,TENDERLOIN,37.7857438394,-122.4058310695,"(37.7857438394, -122.4058310695)",POINT (-122.405831069 37.785743839),Phone,2025/01/20 06:00:00 AM,2025/01/21 09:01:25 AM,2025,1,Friday,"37.7857438394,-122.4058310695"
148740268060,2025-05-30 23:47:00,2025-05-30,23:47:00,2025,Friday,2025-05-30 23:47:00,1487402,250304028,251503627.0,II,Initial,68060,Traffic Collision,Traffic Collision - Hit & Run,"Traffic Collision, Hit & Run, Property Damage",Open or Active,04TH ST \ ELLIS ST \ MARKET ST \ STOCKTON ST,24892000,Central,South of Market,6,6,37.785743713378906,-122.40583038330078,POINT (-122.405830383 37.785743713),2025/06/12 10:07:02 AM,2025/06/13 09:52:57 AM,2025,5,Friday,"37.785743713378906,-122.40583038330078",37.786,-122.406,101001299909,2025-01-12 10:33:40,01/12/2025 02:14:48 PM,01/12/2025 04:49:10 PM,Closed,Case is a Duplicate - Please see Comp. # TSIG25-348 - 311-101001299150,MTA - Traffic Signal,Damage Property,traffic_signal,,"INTERSECTION 4TH ST, MARKET ST, SAN FRANCISCO, CA 94102",4TH ST,6,South of Market,South of Market,TENDERLOIN,37.7857438394,-122.4058310695,"(37.7857438394, -122.4058310695)",POINT (-122.405831069 37.785743839),Phone,2025/01/22 06:00:00 AM,2025/01/23 08:59:44 AM,2025,1,Sunday,"37.7857438394,-122.4058310695"
148740268060,2025-05-30 23:47:00,2025-05-30,23:47:00,2025,Friday,2025-05-30 23:47:00,1487402,250304028,251503627.0,II,Initial,68060,Traffic Collision,Traffic Collision - Hit & Run,"Traffic Collision, Hit & Run, Property Damage",Open or Active,04TH ST \ ELLIS ST \ MARKET ST \ STOCKTON ST,24892000,Central,South of Market,6,6,37.785743713378906,-122.40583038330078,POINT (-122.405830383 37.785743713),2025/06/12 10:07:02 AM,2025/06/13 09:52:57 AM,2025,5,Friday,"37.785743713378906,-122.40583038330078",37.786,-122.406,101002016134,2025-06-01 12:17:33,06/06/2025 05:00:42 PM,06/06/2025 05:00:42 PM,Closed,Case Transferred - Per process - cases are closed 5 days after assignment.,311 - Service Request Hold,Damage Property,traffic_signal,,"INTERSECTION MARKET ST, STOCKTON ST, SAN FRANCISCO, CA 94102",MARKET ST,6,South of Market,South of Market,TENDERLOIN,37.7857438394,-122.4058310695,"(37.7857438394, -122.4058310695)",POINT (-122.405831069 37.785743839),Phone,2025/06/16 01:00:00 AM,2025/06/16 02:56:41 AM,2025,6,Sunday,"37.7857438394,-122.4058310695"
148817868050,2025-06-04 19:36:00,2025-06-04,19:36:00,2025,Wednesday,2025-06-04 19:36:00,1488178,250313041,251552997.0,II,Initial,68050,Traffic Collision,Traffic Collision,Traffic Collision,Cite or Arrest Adult,05TH ST \ CLARA ST,23910000,Southern,South of Market,6,6,37.77945709228516,-122.40237426757812,POINT (-122.402374268 37.779457092),2025/06/12 10:07:02 AM,2025/06/13 09:52:57 AM,2025,6,Wednesday,"37.77945709228516,-122.40237426757812",37.779,-122.402,101001770757,2025-04-15 11:18:10,04/17/2025 11:05:16 AM,04/17/2025 11:05:16 AM,Closed,Case Resolved - Please refer to TSS complaint report #1546.  No problem found.,MTA - Signal,Damage Property,traffic_signal,,"INTERSECTION HARRISON ST, 5TH ST, SAN FRANCISCO, CA 94107",HARRISON ST,6,South of Market,South of Market,SOUTHERN,37.7790321755,-122.401843247,"(37.7790321755, -122.401843247)",POINT (-122.401843247 37.779032175),Phone,2025/04/27 01:00:00 AM,2025/04/28 02:53:01 AM,2025,4,Tuesday,"37.7790321755,-122.401843247"
148817868050,2025-06-04 19:36:00,2025-06-04,19:36:00,2025,Wednesday,2025-06-04 19:36:00,1488178,250313041,251552997.0,II,Initial,68050,Traffic Collision,Traffic Collision,Traffic Collision,Cite or Arrest Adult,05TH ST \ CLARA ST,23910000,Southern,South of Market,6,6,37.77945709228516,-122.40237426757812,POINT (-122.402374268 37.779457092),2025/06/12 10:07:02 AM,2025/06/13 09:52:57 AM,2025,6,Wednesday,"37.77945709228516,-122.40237426757812",37.779,-122.402,101001123522,2024-12-06 04:54:48,12/09/2024 09:25:27 AM,12/09/2024 09:25:27 AM,Closed,Case Resolved - Please refer to Traffic Signal Shop complaint report 24-3693 and 24-3693 FU.,MTA - Traffic Signal,Damage Property,traffic_signal,,"INTERSECTION 5TH ST, HARRISON ST, SAN FRANCISCO, CA 94107",5TH ST,6,South of Market,South of Market,SOUTHERN,37.7790321755,-122.401843247,"(37.7790321755, -122.401843247)",POINT (-122.401843247 37.779032175),Phone,2024/12/19 06:00:00 AM,2024/12/20 09:08:54 AM,2024,12,Friday,"37.7790321755,-122.401843247"
148817868050,2025-06-04 19:36:00,2025-06-04,19:36:00,2025,Wednesday,2025-06-04 19:36:00,1488178,250313041,251552997.0,II,Initial,68050,Traffic Collision,Traffic Collision,Traffic Collision,Cite or Arrest Adult,05TH ST \ CLARA ST,23910000,Southern,South of Market,6,6,37.77945709228516,-122.40237426757812,POINT (-122.402374268 37.779457092),2025/06/12 10:07:02 AM,2025/06/13 09:52:57 AM,2025,6,Wednesday,"37.77945709228516,-122.40237426757812",37.779,-122.402,101001921591,2025-05-14 16:36:55,05/27/2025 10:50:55 AM,05/27/2025 10:50:55 AM,Closed,Case Resolved - Please refer to TSS complaint report #1998.  Re-aimed vehicle signals.,MTA - Traffic Signal,Damage Property,traffic_signal,,"INTERSECTION HARRISON ST, 5TH ST, SAN FRANCISCO, CA 94107",HARRISON ST,6,South of Market,South of Market,SOUTHERN,37.7790321755,-122.401843247,"(37.7790321755, -122.401843247)",POINT (-122.401843247 37.779032175),Phone,2025/06/06 01:00:00 AM,2025/06/06 02:56:12 AM,2025,5,Wednesday,"37.7790321755,-122.401843247"
135537868050,2024-01-11 19:20:00,2024-01-11,19:20:00,2024,Thursday,2024-01-11 19:57:00,1355378,240024571,240112864.0,II,Initial,68050,Traffic Collision,Traffic Collision,Traffic Collision,Cite or Arrest Adult,MISSION ST \ WASHBURN ST,24417000,Southern,South of Market,6,6,37.7758903503418,-122.41513061523438,POINT (-122.415130615 37.77589035),2025/06/12 10:07:02 AM,2025/06/13 09:52:57 AM,2024,1,Thursday,"37.7758903503418,-122.41513061523438",37.776,-122.415,101000784221,2024-09-30 12:58:06,09/30/2024 01:14:05 PM,09/30/2024 01:14:09 PM,Closed,Case Resolved,311 - Supervisor,Damage Property,traffic_signal,,"INTERSECTION 9TH ST, MISSION ST, SAN FRANCISCO, CA 94103",9TH ST,6,South of Market,South of Market,SOUTHERN,37.7762305281,-122.4147111681,"(37.7762305281, -122.4147111681)",POINT (-122.414711168 37.776230528),Phone,2024/10/10 06:00:00 AM,2024/10/11 08:57:42 AM,2024,9,Monday,"37.7762305281,-122.4147111681"
135537868050,2024-01-11 19:20:00,2024-01-11,19:20:00,2024,Thursday,2024-01-11 19:57:00,1355378,240024571,240112864.0,II,Initial,68050,Traffic Collision,Traffic Collision,Traffic Collision,Cite or Arrest Adult,MISSION ST \ WASHBURN ST,24417000,Southern,South of Market,6,6,37.7758903503418,-122.41513061523438,POINT (-122.415130615 37.77589035),2025/06/12 10:07:02 AM,2025/06/13 09:52:57 AM,2024,1,Thursday,"37.7758903503418,-122.41513061523438",37.776,-122.415,101001890982,2025-05-08 16:20:15,05/09/2025 08:41:50 AM,05/09/2025 08:41:50 AM,Closed,Case Resolved - This case was assigned to Traffic Signal Complaint TSIG 1906,MTA - Traffic Signal,Damage Property,traffic_signal,,"INTERSECTION MISSION ST, 9TH ST, SAN FRANCISCO, CA 94103",MISSION ST,6,South of Market,South of Market,SOUTHERN,37.7762305281,-122.4147111681,"(37.7762305281, -122.4147111681)",POINT (-122.414711168 37.776230528),Phone,2025/05/19 01:00:00 AM,2025/05/19 02:52:31 AM,2025,5,Thursday,"37.7762305281,-122.4147111681"
135537868050,2024-01-11 19:20:00,2024-01-11,19:20:00,2024,Thursday,2024-01-11 19:57:00,1355378,240024571,240112864.0,II,Initial,68050,Traffic Collision,Traffic Collision,Traffic Collision,Cite or Arrest Adult,MISSION ST \ WASHBURN ST,24417000,Southern,South of Market,6,6,37.7758903503418,-122.41513061523438,POINT (-122.415130615 37.77589035),2025/06/12 10:07:02 AM,2025/06/13 09:52:57 AM,2024,1,Thursday,"37.7758903503418,-122.41513061523438",37.776,-122.415,101002044712,2025-06-06 05:43:43,06/09/2025 12:14:41 PM,06/09/2025 12:14:41 PM,Closed,Case Resolved - This case was assigned to Traffic Signal Complaint TSIG 2350,MTA - Signal,Damage Property,traffic_signal,,"INTERSECTION MISSION ST, 9TH ST, SAN FRANCISCO, CA 94103",MISSION ST,6,South of Market,South of Market,SOUTHERN,37.7762305281,-122.4147111681,"(37.7762305281, -122.4147111681)",POINT (-122.414711168 37.776230528),Phone,2025/06/19 01:00:00 AM,2025/06/19 02:54:34 AM,2025,6,Friday,"37.7762305281,-122.4147111681"
139062768050,2024-05-15 13:43:00,2024-05-15,13:43:00,2024,Wednesday,2024-05-15 13:43:00,1390627,240305860,241361795.0,II,Initial,68050,Traffic Collision,Traffic Collision,Traffic Collision,Cite or Arrest Adult,09TH ST \ MISSION ST,24313000,Southern,South of Market,6,6,37.77622985839844,-122.41471099853516,POINT (-122.414710999 37.776229858),2025/06/12 10:07:02 AM,2025/06/13 09:52:57 AM,2024,5,Wednesday,"37.77622985839844,-122.41471099853516",37.776,-122.415,101000784221,2024-09-30 12:58:06,09/30/2024 01:14:05 PM,09/30/2024 01:14:09 PM,Closed,Case Resolved,311 - Supervisor,Damage Property,traffic_signal,,"INTERSECTION 9TH ST, MISSION ST, SAN FRANCISCO, CA 94103",9TH ST,6,South of Market,South of Market,SOUTHERN,37.7762305281,-122.4147111681,"(37.7762305281, -122.4147111681)",POINT (-122.414711168 37.776230528),Phone,2024/10/10 06:00:00 AM,2024/10/11 08:57:42 AM,2024,9,Monday,"37.7762305281,-122.4147111681"
139062768050,2024-05-15 13:43:00,2024-05-15,13:43:00,2024,Wednesday,2024-05-15 13:43:00,1390627,240305860,241361795.0,II,Initial,68050,Traffic Collision,Traffic Collision,Traffic Collision,Cite or Arrest Adult,09TH ST \ MISSION ST,24313000,Southern,South of Market,6,6,37.77622985839844,-122.41471099853516,POINT (-122.414710999 37.776229858),2025/06/12 10:07:02 AM,2025/06/13 09:52:57 AM,2024,5,Wednesday,"37.77622985839844,-122.41471099853516",37.776,-122.415,101001890982,2025-05-08 16:20:15,05/09/2025 08:41:50 AM,05/09/2025 08:41:50 AM,Closed,Case Resolved - This case was assigned to Traffic Signal Complaint TSIG 1906,MTA - Traffic Signal,Damage Property,traffic_signal,,"INTERSECTION MISSION ST, 9TH ST, SAN FRANCISCO, CA 94103",MISSION ST,6,South of Market,South of Market,SOUTHERN,37.7762305281,-122.4147111681,"(37.7762305281, -122.4147111681)",POINT (-122.414711168 37.776230528),Phone,2025/05/19 01:00:00 AM,2025/05/19 02:52:31 AM,2025,5,Thursday,"37.7762305281,-122.4147111681"
139062768050,2024-05-15 13:43:00,2024-05-15,13:43:00,2024,Wednesday,2024-05-15 13:43:00,1390627,240305860,241361795.0,II,Initial,68050,Traffic Collision,Traffic Collision,Traffic Collision,Cite or Arrest Adult,09TH ST \ MISSION ST,24313000,Southern,South of Market,6,6,37.77622985839844,-122.41471099853516,POINT (-122.414710999 37.776229858),2025/06/12 10:07:02 AM,2025/06/13 09:52:57 AM,2024,5,Wednesday,"37.77622985839844,-122.41471099853516",37.776,-122.415,101002044712,2025-06-06 05:43:43,06/09/2025 12:14:41 PM,06/09/2025 12:14:41 PM,Closed,Case Resolved - This case was assigned to Traffic Signal Complaint TSIG 2350,MTA - Signal,Damage Property,traffic_signal,,"INTERSECTION MISSION ST, 9TH ST, SAN FRANCISCO, CA 94103",MISSION ST,6,South of Market,South of Market,SOUTHERN,37.7762305281,-122.4147111681,"(37.7762305281, -122.4147111681)",POINT (-122.414711168 37.776230528),Phone,2025/06/19 01:00:00 AM,2025/06/19 02:54:34 AM,2025,6,Friday,"37.7762305281,-122.4147111681"
141124268050,2024-07-31 00:03:00,2024-07-31,00:03:00,2024,Wednesday,2024-07-31 00:14:00,1411242,240476568,242130002.0,IS,Initial Supplement,68050,Traffic Collision,Traffic Collision,Traffic Collision,Cite or Arrest Adult,09TH ST \ MISSION ST,24313000,Southern,South of Market,6,6,37.77622985839844,-122.41471099853516,POINT (-122.414710999 37.776229858),2025/06/12 10:07:02 AM,2025/06/13 09:52:57 AM,2024,7,Wednesday,"37.77622985839844,-122.41471099853516",37.776,-122.415,101000784221,2024-09-30 12:58:06,09/30/2024 01:14:05 PM,09/30/2024 01:14:09 PM,Closed,Case Resolved,311 - Supervisor,Damage Property,traffic_signal,,"INTERSECTION 9TH ST, MISSION ST, SAN FRANCISCO, CA 94103",9TH ST,6,South of Market,South of Market,SOUTHERN,37.7762305281,-122.4147111681,"(37.7762305281, -122.4147111681)",POINT (-122.414711168 37.776230528),Phone,2024/10/10 06:00:00 AM,2024/10/11 08:57:42 AM,2024,9,Monday,"37.7762305281,-122.4147111681"
141124268050,2024-07-31 00:03:00,2024-07-31,00:03:00,2024,Wednesday,2024-07-31 00:14:00,1411242,240476568,242130002.0,IS,Initial Supplement,68050,Traffic Collision,Traffic Collision,Traffic Collision,Cite or Arrest Adult,09TH ST \ MISSION ST,24313000,Southern,South of Market,6,6,37.77622985839844,-122.41471099853516,POINT (-122.414710999 37.776229858),2025/06/12 10:07:02 AM,2025/06/13 09:52:57 AM,2024,7,Wednesday,"37.77622985839844,-122.41471099853516",37.776,-122.415,101001890982,2025-05-08 16:20:15,05/09/2025 08:41:50 AM,05/09/2025 08:41:50 AM,Closed,Case Resolved - This case was assigned to Traffic Signal Complaint TSIG 1906,MTA - Traffic Signal,Damage Property,traffic_signal,,"INTERSECTION MISSION ST, 9TH ST, SAN FRANCISCO, CA 94103",MISSION ST,6,South of Market,South of Market,SOUTHERN,37.7762305281,-122.4147111681,"(37.7762305281, -122.4147111681)",POINT (-122.414711168 37.776230528),Phone,2025/05/19 01:00:00 AM,2025/05/19 02:52:31 AM,2025,5,Thursday,"37.7762305281,-122.4147111681"
141124268050,2024-07-31 00:03:00,2024-07-31,00:03:00,2024,Wednesday,2024-07-31 00:14:00,1411242,240476568,242130002.0,IS,Initial Supplement,68050,Traffic Collision,Traffic Collision,Traffic Collision,Cite or Arrest Adult,09TH ST \ MISSION ST,24313000,Southern,South of Market,6,6,37.77622985839844,-122.41471099853516,POINT (-122.414710999 37.776229858),2025/06/12 10:07:02 AM,2025/06/13 09:52:57 AM,2024,7,Wednesday,"37.77622985839844,-122.41471099853516",37.776,-122.415,101002044712,2025-06-06 05:43:43,06/09/2025 12:14:41 PM,06/09/2025 12:14:41 PM,Closed,Case Resolved - This case was assigned to Traffic Signal Complaint TSIG 2350,MTA - Signal,Damage Property,traffic_signal,,"INTERSECTION MISSION ST, 9TH ST, SAN FRANCISCO, CA 94103",MISSION ST,6,South of Market,South of Market,SOUTHERN,37.7762305281,-122.4147111681,"(37.7762305281, -122.4147111681)",POINT (-122.414711168 37.776230528),Phone,2025/06/19 01:00:00 AM,2025/06/19 02:54:34 AM,2025,6,Friday,"37.7762305281,-122.4147111681"
142596868060,2024-09-22 00:01:00,2024-09-22,00:01:00,2024,Sunday,2024-09-22 00:08:00,1425968,240595500,242660014.0,IS,Initial Supplement,68060,Traffic Collision,Traffic Collision - Hit & Run,"Traffic Collision, Hit & Run, Property Damage",Cite or Arrest Adult,09TH ST \ MISSION ST,24313000,Southern,South of Market,6,6,37.77622985839844,-122.41471099853516,POINT (-122.414710999 37.776229858),2025/06/12 10:07:02 AM,2025/06/13 09:52:57 AM,2024,9,Sunday,"37.77622985839844,-122.41471099853516",37.776,-122.415,101000784221,2024-09-30 12:58:06,09/30/2024 01:14:05 PM,09/30/2024 01:14:09 PM,Closed,Case Resolved,311 - Supervisor,Damage Property,traffic_signal,,"INTERSECTION 9TH ST, MISSION ST, SAN FRANCISCO, CA 94103",9TH ST,6,South of Market,South of Market,SOUTHERN,37.7762305281,-122.4147111681,"(37.7762305281, -122.4147111681)",POINT (-122.414711168 37.776230528),Phone,2024/10/10 06:00:00 AM,2024/10/11 08:57:42 AM,2024,9,Monday,"37.7762305281,-122.4147111681"
142596868060,2024-09-22 00:01:00,2024-09-22,00:01:00,2024,Sunday,2024-09-22 00:08:00,1425968,240595500,242660014.0,IS,Initial Supplement,68060,Traffic Collision,Traffic Collision - Hit & Run,"Traffic Collision, Hit & Run, Property Damage",Cite or Arrest Adult,09TH ST \ MISSION ST,24313000,Southern,South of Market,6,6,37.77622985839844,-122.41471099853516,POINT (-122.414710999 37.776229858),2025/06/12 10:07:02 AM,2025/06/13 09:52:57 AM,2024,9,Sunday,"37.77622985839844,-122.41471099853516",37.776,-122.415,101001890982,2025-05-08 16:20:15,05/09/2025 08:41:50 AM,05/09/2025 08:41:50 AM,Closed,Case Resolved - This case was assigned to Traffic Signal Complaint TSIG 1906,MTA - Traffic Signal,Damage Property,traffic_signal,,"INTERSECTION MISSION ST, 9TH ST, SAN FRANCISCO, CA 94103",MISSION ST,6,South of Market,South of Market,SOUTHERN,37.7762305281,-122.4147111681,"(37.7762305281, -122.4147111681)",POINT (-122.414711168 37.776230528),Phone,2025/05/19 01:00:00 AM,2025/05/19 02:52:31 AM,2025,5,Thursday,"37.7762305281,-122.4147111681"
142596868060,2024-09-22 00:01:00,2024-09-22,00:01:00,2024,Sunday,2024-09-22 00:08:00,1425968,240595500,242660014.0,IS,Initial Supplement,68060,Traffic Collision,Traffic Collision - Hit & Run,"Traffic Collision, Hit & Run, Property Damage",Cite or Arrest Adult,09TH ST \ MISSION ST,24313000,Southern,South of Market,6,6,37.77622985839844,-122.41471099853516,POINT (-122.414710999 37.776229858),2025/06/12 10:07:02 AM,2025/06/13 09:52:57 AM,2024,9,Sunday,"37.77622985839844,-122.41471099853516",37.776,-122.415,101002044712,2025-06-06 05:43:43,06/09/2025 12:14:41 PM,06/09/2025 12:14:41 PM,Closed,Case Resolved - This case was assigned to Traffic Signal Complaint TSIG 2350,MTA - Signal,Damage Property,traffic_signal,,"INTERSECTION MISSION ST, 9TH ST, SAN FRANCISCO, CA 94103",MISSION ST,6,South of Market,South of Market,SOUTHERN,37.7762305281,-122.4147111681,"(37.7762305281, -122.4147111681)",POINT (-122.414711168 37.776230528),Phone,2025/06/19 01:00:00 AM,2025/06/19 02:54:34 AM,2025,6,Friday,"37.7762305281,-122.4147111681"
136285668069,2024-02-08 04:56:00,2024-02-08,04:56:00,2024,Thursday,2024-02-08 04:57:00,1362856,240084434,240390356.0,IS,Initial Supplement,68069,Traffic Collision,Traffic Collision - Hit & Run,"Traffic Collision, Hit & Run, Injury",Open or Active,06TH ST \ BRYANT ST,23897000,Southern,South of Market,6,6,37.77603912353516,-122.40252685546876,POINT (-122.402526855 37.776039124),2025/06/12 10:07:02 AM,2025/06/13 09:52:57 AM,2024,2,Thursday,"37.77603912353516,-122.40252685546876",37.776,-122.403,101000261716,2024-06-20 11:42:43,06/21/2024 08:00:28 AM,06/21/2024 08:00:28 AM,Closed,Case Resolved - Please refer to Traffic Signal Shop complaint report 24-1919.  Replaced pedestrian module.,MTA - Traffic Signal,Damage Property,traffic_signal,,"INTERSECTION 6TH ST, BRYANT ST, SAN FRANCISCO, CA 94103",6TH ST,6,South of Market,South of Market,SOUTHERN,37.7760394242,-122.4025241635,"(37.7760394242, -122.4025241635)",POINT (-122.402524164 37.776039424),Phone,2024/07/01 06:00:00 AM,2024/09/11 05:09:50 PM,2024,6,Thursday,"37.7760394242,-122.4025241635"
136285668069,2024-02-08 04:56:00,2024-02-08,04:56:00,2024,Thursday,2024-02-08 04:57:00,1362856,240084434,240390356.0,IS,Initial Supplement,68069,Traffic Collision,Traffic Collision - Hit & Run,"Traffic Collision, Hit & Run, Injury",Open or Active,06TH ST \ BRYANT ST,23897000,Southern,South of Market,6,6,37.77603912353516,-122.40252685546876,POINT (-122.402526855 37.776039124),2025/06/12 10:07:02 AM,2025/06/13 09:52:57 AM,2024,2,Thursday,"37.77603912353516,-122.40252685546876",37.776,-122.403,101000946698,2024-10-30 16:03:25,11/06/2024 09:00:05 AM,11/06/2024 09:00:05 AM,Closed,Case Resolved - Please refer to Traffic Signal Shop complaint report 24-3346.  Re-lamped greens on two vehicle signals.,MTA - Traffic Signal,Damage Property,traffic_signal,,"489 6TH ST, SAN FRANCISCO, CA 94103",6TH ST,6,SOUTH OF MARKET,South of Market,SOUTHERN,37.77617938348698,-122.402662679597,"(37.77617938348698, -122.40266267959701)",POINT (-122.40266268 37.776179383),Mobile,2024/11/16 06:00:00 AM,2024/11/17 08:56:47 AM,2024,10,Wednesday,"37.77617938348698,-122.402662679597"
136534368069,2024-02-17 00:53:00,2024-02-17,00:53:00,2024,Saturday,2024-02-17 00:53:00,1365343,240105494,240480101.0,II,Initial,68069,Traffic Collision,Traffic Collision - Hit & Run,"Traffic Collision, Hit & Run, Injury",Cite or Arrest Adult,08TH ST \ MISSION ST,24311000,Southern,South of Market,6,6,37.77745819091797,-122.41315460205078,POINT (-122.413154602 37.777458191),2025/06/12 10:07:02 AM,2025/06/13 09:52:57 AM,2024,2,Saturday,"37.77745819091797,-122.41315460205078",37.777,-122.413,101001684060,2025-03-29 06:56:38,03/31/2025 12:03:48 PM,03/31/2025 12:03:48 PM,Closed,Case Resolved - Please refer to TSS complaint report #1272.  Network issues.,MTA - Signal,Damage Property,traffic_signal,,"INTERSECTION MISSION ST, 8TH ST, SAN FRANCISCO, CA 94103",MISSION ST,6,South of Market,South of Market,SOUTHERN,37.7774575216,-122.4131577588,"(37.7774575216, -122.4131577588)",POINT (-122.413157759 37.777457522),Phone,2025/04/10 01:00:00 AM,2025/04/10 02:52:13 AM,2025,3,Saturday,"37.7774575216,-122.4131577588"
136601068069,2024-02-19 19:00:00,2024-02-19,19:00:00,2024,Monday,2024-02-19 19:00:00,1366010,240105494,240480101.0,IS,Initial Supplement,68069,Traffic Collision,Traffic Collision - Hit & Run,"Traffic Collision, Hit & Run, Injury",Cite or Arrest Adult,08TH ST \ MISSION ST,24311000,Southern,South of Market,6,6,37.77745819091797,-122.41315460205078,POINT (-122.413154602 37.777458191),2025/06/12 10:07:02 AM,2025/06/13 09:52:57 AM,2024,2,Monday,"37.77745819091797,-122.41315460205078",37.777,-122.413,101001684060,2025-03-29 06:56:38,03/31/2025 12:03:48 PM,03/31/2025 12:03:48 PM,Closed,Case Resolved - Please refer to TSS complaint report #1272.  Network issues.,MTA - Signal,Damage Property,traffic_signal,,"INTERSECTION MISSION ST, 8TH ST, SAN FRANCISCO, CA 94103",MISSION ST,6,South of Market,South of Market,SOUTHERN,37.7774575216,-122.4131577588,"(37.7774575216, -122.4131577588)",POINT (-122.413157759 37.777457522),Phone,2025/04/10 01:00:00 AM,2025/04/10 02:52:13 AM,2025,3,Saturday,"37.7774575216,-122.4131577588"
136912768060,2024-02-29 23:38:00,2024-02-29,23:38:00,2024,Thursday,2024-02-29 23:41:00,1369127,240135736,240603432.0,II,Initial,68060,Traffic Collision,Traffic Collision - Hit & Run,"Traffic Collision, Hit & Run, Property Damage",Cite or Arrest Adult,04TH ST \ CLARA ST,23907000,Southern,South of Market,6,6,37.78121566772461,-122.400146484375,POINT (-122.400146484 37.781215668),2025/06/12 10:07:02 AM,2025/06/13 09:52:57 AM,2024,2,Thursday,"37.78121566772461,-122.400146484375",37.781,-122.4,101000438804,2024-07-25 22:24:32,07/26/2024 06:29:26 AM,07/26/2024 06:29:26 AM,Closed,Case Resolved - This case was assigned to Traffic Signal Complaint 24-2220,MTA - Traffic Signal,Damage Property,traffic_signal,,"INTERSECTION 4TH ST, HARRISON ST, SAN FRANCISCO, CA 94107",4TH ST,6,South of Market,South of Market,SOUTHERN,37.7807914872,-122.3996161961,"(37.7807914872, -122.3996161961)",POINT (-122.399616196 37.780791487),Phone,2024/08/05 06:00:00 AM,2024/09/11 05:09:50 PM,2024,7,Thursday,"37.7807914872,-122.3996161961"
136912768060,2024-02-29 23:38:00,2024-02-29,23:38:00,2024,Thursday,2024-02-29 23:41:00,1369127,240135736,240603432.0,II,Initial,68060,Traffic Collision,Traffic Collision - Hit & Run,"Traffic Collision, Hit & Run, Property Damage",Cite or Arrest Adult,04TH ST \ CLARA ST,23907000,Southern,South of Market,6,6,37.78121566772461,-122.400146484375,POINT (-122.400146484 37.781215668),2025/06/12 10:07:02 AM,2025/06/13 09:52:57 AM,2024,2,Thursday,"37.78121566772461,-122.400146484375",37.781,-122.4,101000439225,2024-07-26 06:46:34,07/26/2024 07:20:18 AM,07/26/2024 07:20:19 AM,Closed,"Case Resolved - Please refer to Traffic Signal Shop complaint reports 24-2210 FU, 24-2210FUA, 24-2220, 24-2220 FU",MTA - Traffic Signal,Damage Property,traffic_signal,,"INTERSECTION 4TH ST, HARRISON ST, SAN FRANCISCO, CA 94107",4TH ST,6,South of Market,South of Market,SOUTHERN,37.7807914872,-122.3996161961,"(37.7807914872, -122.3996161961)",POINT (-122.399616196 37.780791487),Phone,2024/08/05 06:00:00 AM,2024/09/11 05:09:50 PM,2024,7,Friday,"37.7807914872,-122.3996161961"
136912768060,2024-02-29 23:38:00,2024-02-29,23:38:00,2024,Thursday,2024-02-29 23:41:00,1369127,240135736,240603432.0,II,Initial,68060,Traffic Collision,Traffic Collision - Hit & Run,"Traffic Collision, Hit & Run, Property Damage",Cite or Arrest Adult,04TH ST \ CLARA ST,23907000,Southern,South of Market,6,6,37.78121566772461,-122.400146484375,POINT (-122.400146484 37.781215668),2025/06/12 10:07:02 AM,2025/06/13 09:52:57 AM,2024,2,Thursday,"37.78121566772461,-122.400146484375",37.781,-122.4,101000432993,2024-07-24 18:14:46,07/25/2024 05:46:55 AM,07/25/2024 05:46:55 AM,Closed,Case Resolved - This case was assigned to Traffic Signal Complaint 24-2210FU,MTA - Signal,Damage Property,traffic_signal,,"INTERSECTION HARRISON ST, 4TH ST, SAN FRANCISCO, CA 94107",HARRISON ST,6,South of Market,South of Market,SOUTHERN,37.7807914872,-122.3996161961,"(37.7807914872, -122.3996161961)",POINT (-122.399616196 37.780791487),Phone,2024/08/04 06:00:00 AM,2024/09/11 05:09:50 PM,2024,7,Wednesday,"37.7807914872,-122.3996161961"
137301168060,2024-03-13 20:55:00,2024-03-13,20:55:00,2024,Wednesday,2024-03-13 21:18:00,1373011,240164014,240733133.0,II,Initial,68060,Traffic Collision,Traffic Collision - Hit & Run,"Traffic Collision, Hit & Run, Property Damage",Cite or Arrest Adult,09TH ST \ HARRISON ST,24209000,Southern,South of Market,6,6,37.77252578735352,-122.41007995605467,POINT (-122.410079956 37.772525787),2025/06/12 10:07:02 AM,2025/06/13 09:52:57 AM,2024,3,Wednesday,"37.77252578735352,-122.41007995605467",37.773,-122.41,101000784377,2024-09-30 13:18:54,09/30/2024 02:02:21 PM,09/30/2024 02:02:21 PM,Closed,"Case Resolved - PG&E power outage, PG&E to restore power",MTA - Traffic Signal,Damage Property,traffic_signal,,"INTERSECTION 9TH ST, HARRISON ST, SAN FRANCISCO, CA 94103",9TH ST,6,South of Market,South of Market,SOUTHERN,37.7725265077,-122.4100768153,"(37.7725265077, -122.4100768153)",POINT (-122.410076815 37.772526508),Phone,2024/10/10 06:00:00 AM,2024/10/11 08:57:42 AM,2024,9,Monday,"37.7725265077,-122.4100768153"
139071968069,2024-05-15 16:39:00,2024-05-15,16:39:00,2024,Wednesday,2024-05-15 16:39:00,1390719,240306250,241362390.0,II,Initial,68069,Traffic Collision,Traffic Collision - Hit & Run,"Traffic Collision, Hit & Run, Injury",Cite or Arrest Adult,05TH ST \ CYRIL MAGNIN ST \ MARKET ST,30739000,Tenderloin,South of Market,6,6,37.783992767333984,-122.40806579589844,POINT (-122.408065796 37.783992767),2025/06/12 10:07:02 AM,2025/06/13 09:52:57 AM,2024,5,Wednesday,"37.783992767333984,-122.40806579589844",37.784,-122.408,101001115042,2024-12-04 13:14:56,12/05/2024 09:20:02 AM,12/05/2024 09:20:02 AM,Closed,Case Resolved - Please refer to Traffic Signal Shop complaint report 24-3679.  Restored three color operation.,MTA - Traffic Signal,Damage Property,traffic_signal,,"INTERSECTION 5TH ST, MARKET ST, SAN FRANCISCO, CA 94102",5TH ST,6,Downtown / Union Square,South of Market,TENDERLOIN,37.7839914164,-122.4080666083,"(37.7839914164, -122.4080666083)",POINT (-122.408066608 37.783991416),Phone,2024/12/15 06:00:00 AM,2024/12/16 09:05:32 AM,2024,12,Wednesday,"37.7839914164,-122.4080666083"
139071968069,2024-05-15 16:39:00,2024-05-15,16:39:00,2024,Wednesday,2024-05-15 16:39:00,1390719,240306250,241362390.0,II,Initial,68069,Traffic Collision,Traffic Collision - Hit & Run,"Traffic Collision, Hit & Run, Injury",Cite or Arrest Adult,05TH ST \ CYRIL MAGNIN ST \ MARKET ST,30739000,Tenderloin,South of Market,6,6,37.783992767333984,-122.40806579589844,POINT (-122.408065796 37.783992767),2025/06/12 10:07:02 AM,2025/06/13 09:52:57 AM,2024,5,Wednesday,"37.783992767333984,-122.40806579589844",37.784,-122.408,101001115050,2024-12-04 13:15:51,12/04/2024 01:21:17 PM,12/04/2024 01:21:21 PM,Closed,Case is a Duplicate,311 - Supervisor,Damage Property,traffic_signal,,"INTERSECTION MARKET ST, 5TH ST, SAN FRANCISCO, CA 94102",MARKET ST,6,Downtown / Union Square,South of Market,TENDERLOIN,37.7839914164,-122.4080666083,"(37.7839914164, -122.4080666083)",POINT (-122.408066608 37.783991416),Phone,2024/12/14 06:00:00 AM,2024/12/15 08:58:03 AM,2024,12,Wednesday,"37.7839914164,-122.4080666083"
139600368060,2024-05-28 12:50:00,2024-05-28,12:50:00,2024,Tuesday,2024-06-04 07:41:00,1396003,240335027,241560575.0,IS,Initial Supplement,68060,Traffic Collision,Traffic Collision - Hit & Run,"Traffic Collision, Hit & Run, Property Damage",Open or Active,MARKET ST \ MASON ST \ TURK ST,24898000,Tenderloin,South of Market,6,6,37.78328704833984,-122.40895080566406,POINT (-122.408950806 37.783287048),2025/06/12 10:07:02 AM,2025/06/13 09:52:57 AM,2024,5,Tuesday,"37.78328704833984,-122.40895080566406",37.783,-122.409,101000891506,2024-10-20 13:14:38,10/21/2024 11:16:19 AM,10/21/2024 11:16:19 AM,Closed,Case Resolved - Please see Traffic Signal Shop complaint report 24-3145.  Power and operation restored.,MTA - Signal,Damage Property,traffic_signal,,"INTERSECTION MARKET ST, MASON ST, SAN FRANCISCO, CA 94102",MARKET ST,6,Tenderloin,South of Market,TENDERLOIN,37.7832878822,-122.4089522144,"(37.7832878822, -122.4089522144)",POINT (-122.408952214 37.783287882),Phone,2024/10/31 06:00:00 AM,2024/11/01 08:58:26 AM,2024,10,Sunday,"37.7832878822,-122.4089522144"
139600368060,2024-05-28 12:50:00,2024-05-28,12:50:00,2024,Tuesday,2024-06-04 07:41:00,1396003,240335027,241560575.0,IS,Initial Supplement,68060,Traffic Collision,Traffic Collision - Hit & Run,"Traffic Collision, Hit & Run, Property Damage",Open or Active,MARKET ST \ MASON ST \ TURK ST,24898000,Tenderloin,South of Market,6,6,37.78328704833984,-122.40895080566406,POINT (-122.408950806 37.783287048),2025/06/12 10:07:02 AM,2025/06/13 09:52:57 AM,2024,5,Tuesday,"37.78328704833984,-122.40895080566406",37.783,-122.409,101001075359,2024-11-25 15:06:04,11/25/2024 07:29:40 PM,11/25/2024 07:29:40 PM,Closed,Case Transferred - SFMTA street inspection,MTA - Accessible Pedestrian Signal,Damage Property,traffic_signal,,"INTERSECTION MASON ST, TURK ST, SAN FRANCISCO, CA 94102",MASON ST,6,Tenderloin,South of Market,TENDERLOIN,37.7832878822,-122.4089522144,"(37.7832878822, -122.4089522144)",POINT (-122.408952214 37.783287882),Phone,2024/12/05 06:00:00 AM,2024/12/06 08:57:07 AM,2024,11,Monday,"37.7832878822,-122.4089522144"
142680168050,2024-09-24 19:09:00,2024-09-24,19:09:00,2024,Tuesday,2024-09-24 19:12:00,1426801,240602133,242682784.0,IS,Initial Supplement,68050,Traffic Collision,Traffic Collision,Traffic Collision,Cite or Arrest Adult,MARKET ST \ MASON ST \ TURK ST,24898000,Tenderloin,South of Market,6,6,37.78328704833984,-122.40895080566406,POINT (-122.408950806 37.783287048),2025/06/12 10:07:02 AM,2025/06/13 09:52:57 AM,2024,9,Tuesday,"37.78328704833984,-122.40895080566406",37.783,-122.409,101000891506,2024-10-20 13:14:38,10/21/2024 11:16:19 AM,10/21/2024 11:16:19 AM,Closed,Case Resolved - Please see Traffic Signal Shop complaint report 24-3145.  Power and operation restored.,MTA - Signal,Damage Property,traffic_signal,,"INTERSECTION MARKET ST, MASON ST, SAN FRANCISCO, CA 94102",MARKET ST,6,Tenderloin,South of Market,TENDERLOIN,37.7832878822,-122.4089522144,"(37.7832878822, -122.4089522144)",POINT (-122.408952214 37.783287882),Phone,2024/10/31 06:00:00 AM,2024/11/01 08:58:26 AM,2024,10,Sunday,"37.7832878822,-122.4089522144"
142680168050,2024-09-24 19:09:00,2024-09-24,19:09:00,2024,Tuesday,2024-09-24 19:12:00,1426801,240602133,242682784.0,IS,Initial Supplement,68050,Traffic Collision,Traffic Collision,Traffic Collision,Cite or Arrest Adult,MARKET ST \ MASON ST \ TURK ST,24898000,Tenderloin,South of Market,6,6,37.78328704833984,-122.40895080566406,POINT (-122.408950806 37.783287048),2025/06/12 10:07:02 AM,2025/06/13 09:52:57 AM,2024,9,Tuesday,"37.78328704833984,-122.40895080566406",37.783,-122.409,101001075359,2024-11-25 15:06:04,11/25/2024 07:29:40 PM,11/25/2024 07:29:40 PM,Closed,Case Transferred - SFMTA street inspection,MTA - Accessible Pedestrian Signal,Damage Property,traffic_signal,,"INTERSECTION MASON ST, TURK ST, SAN FRANCISCO, CA 94102",MASON ST,6,Tenderloin,South of Market,TENDERLOIN,37.7832878822,-122.4089522144,"(37.7832878822, -122.4089522144)",POINT (-122.408952214 37.783287882),Phone,2024/12/05 06:00:00 AM,2024/12/06 08:57:07 AM,2024,11,Monday,"37.7832878822,-122.4089522144"
140315468069,2024-06-30 23:08:00,2024-06-30,23:08:00,2024,Sunday,2024-07-01 00:13:00,1403154,240408668,241830031.0,IS,Initial Supplement,68069,Traffic Collision,Traffic Collision - Hit & Run,"Traffic Collision, Hit & Run, Injury",Open or Active,06TH ST \ HOWARD ST,23946000,Southern,South of Market,6,6,37.77973937988281,-122.40715789794922,POINT (-122.407157898 37.77973938),2025/06/12 10:07:02 AM,2025/06/13 09:52:57 AM,2024,6,Sunday,"37.77973937988281,-122.40715789794922",37.78,-122.407,101000915314,2024-10-24 15:32:00,10/25/2024 09:10:26 AM,10/25/2024 09:10:26 AM,Closed,"Case Resolved - Please refer to Traffic Signal Shop complaint report 24-3224 FU.  Repaired wire, replace pole and pole cover.",MTA - Signal,Damage Property,traffic_signal,,"INTERSECTION HOWARD ST, 6TH ST, SAN FRANCISCO, CA 94103",HOWARD ST,6,South of Market,South of Market,SOUTHERN,37.7797387744,-122.4071596157,"(37.7797387744, -122.4071596157)",POINT (-122.407159616 37.779738774),Phone,2024/11/04 06:00:00 AM,2024/11/05 08:59:40 AM,2024,10,Thursday,"37.7797387744,-122.4071596157"
140315468069,2024-06-30 23:08:00,2024-06-30,23:08:00,2024,Sunday,2024-07-01 00:13:00,1403154,240408668,241830031.0,IS,Initial Supplement,68069,Traffic Collision,Traffic Collision - Hit & Run,"Traffic Collision, Hit & Run, Injury",Open or Active,06TH ST \ HOWARD ST,23946000,Southern,South of Market,6,6,37.77973937988281,-122.40715789794922,POINT (-122.407157898 37.77973938),2025/06/12 10:07:02 AM,2025/06/13 09:52:57 AM,2024,6,Sunday,"37.77973937988281,-122.40715789794922",37.78,-122.407,101000762012,2024-09-26 10:38:50,09/27/2024 07:54:00 AM,09/27/2024 07:54:00 AM,Closed,"Case Resolved - Please refer to Traffic Signal Shop complaint report 24-2857.  Repaired wire, replaced fuse restored three color operation.",MTA - Traffic Signal,Damage Property,traffic_signal,,"INTERSECTION 6TH ST, HOWARD ST, SAN FRANCISCO, CA 94103",6TH ST,6,South of Market,South of Market,SOUTHERN,37.7797387744,-122.4071596157,"(37.7797387744, -122.4071596157)",POINT (-122.407159616 37.779738774),Phone,2024/10/07 06:00:00 AM,2024/10/08 08:59:36 AM,2024,9,Thursday,"37.7797387744,-122.4071596157"
140444268060,2024-07-05 19:52:00,2024-07-05,19:52:00,2024,Friday,2024-07-05 19:54:00,1404442,240419922,241872897.0,II,Initial,68060,Traffic Collision,Traffic Collision - Hit & Run,"Traffic Collision, Hit & Run, Property Damage",Open or Active,06TH ST \ MISSION ST,24293000,Tenderloin,South of Market,6,6,37.78097152709961,-122.40870666503906,POINT (-122.408706665 37.780971527),2025/06/12 10:07:02 AM,2025/06/13 09:52:57 AM,2024,7,Friday,"37.78097152709961,-122.40870666503906",37.781,-122.409,101000900041,2024-10-22 07:22:55,10/25/2024 09:01:16 AM,10/25/2024 09:01:16 AM,Closed,Case Resolved - Please refer to Traffic Signal Shop complaint report 24-3211,MTA - Signal,Damage Property,traffic_signal,,"INTERSECTION 6TH ST, MISSION ST, SAN FRANCISCO, CA 94103",6TH ST,6,South of Market,South of Market,SOUTHERN,37.7809712412,-122.4087085451,"(37.7809712412, -122.4087085451)",POINT (-122.408708545 37.780971241),Phone,2024/11/04 06:00:00 AM,2024/11/05 08:59:40 AM,2024,10,Tuesday,"37.7809712412,-122.4087085451"
140794268069,2024-07-18 12:12:00,2024-07-18,12:12:00,2024,Thursday,2024-07-18 12:12:00,1407942,240448658,242001298.0,II,Initial,68069,Traffic Collision,Traffic Collision - Hit & Run,"Traffic Collision, Hit & Run, Injury",Cite or Arrest Adult,06TH ST \ STEVENSON ST,24295000,Tenderloin,South of Market,6,6,37.78175354003906,-122.4096908569336,POINT (-122.409690857 37.78175354),2025/06/12 10:07:02 AM,2025/06/13 09:52:57 AM,2024,7,Thursday,"37.78175354003906,-122.4096908569336",37.782,-122.41,101000340682,2024-07-06 09:13:24,07/06/2024 03:05:58 PM,07/06/2024 03:05:58 PM,Closed,Resolved Complaint # 24-2053,MTA - Traffic Signal,Damage Property,traffic_signal,,"INTERSECTION GOLDEN GATE AVE, TAYLOR ST, SAN FRANCISCO, CA 94102",GOLDEN GATE AVE,6,Tenderloin,South of Market,TENDERLOIN,37.7822305956,-122.4102921359,"(37.7822305956, -122.4102921359)",POINT (-122.410292136 37.782230596),Phone,2024/07/16 06:00:00 AM,2024/09/11 05:09:50 PM,2024,7,Saturday,"37.7822305956,-122.4102921359"
140794268069,2024-07-18 12:12:00,2024-07-18,12:12:00,2024,Thursday,2024-07-18 12:12:00,1407942,240448658,242001298.0,II,Initial,68069,Traffic Collision,Traffic Collision - Hit & Run,"Traffic Collision, Hit & Run, Injury",Cite or Arrest Adult,06TH ST \ STEVENSON ST,24295000,Tenderloin,South of Market,6,6,37.78175354003906,-122.4096908569336,POINT (-122.409690857 37.78175354),2025/06/12 10:07:02 AM,2025/06/13 09:52:57 AM,2024,7,Thursday,"37.78175354003906,-122.4096908569336",37.782,-122.41,101001525917,2025-02-25 16:17:59,02/26/2025 08:06:23 AM,02/26/2025 08:06:23 AM,Closed,Case Resolved - Please refer to TSS complaint report #885.  Re-placed pedestrian module; found and repaired defective wiring.,MTA - Traffic Signal,Damage Property,traffic_signal,,"INTERSECTION TAYLOR ST, MARKET ST, SAN FRANCISCO, CA 94102",TAYLOR ST,6,Tenderloin,South of Market,TENDERLOIN,37.7822305956,-122.4102921359,"(37.7822305956, -122.4102921359)",POINT (-122.410292136 37.782230596),Phone,2025/03/08 07:00:00 AM,2025/03/09 08:58:41 AM,2025,2,Tuesday,"37.7822305956,-122.4102921359"
143716668069,2024-11-02 07:05:00,2024-11-02,07:05:00,2024,Saturday,2024-11-02 07:14:00,1437166,240687527,243070656.0,IS,Initial Supplement,68069,Traffic Collision,Traffic Collision - Hit & Run,"Traffic Collision, Hit & Run, Injury",Cite or Arrest Adult,06TH ST \ STEVENSON ST,24295000,Tenderloin,South of Market,6,6,37.78175354003906,-122.4096908569336,POINT (-122.409690857 37.78175354),2025/06/12 10:07:02 AM,2025/06/13 09:52:57 AM,2024,11,Saturday,"37.78175354003906,-122.4096908569336",37.782,-122.41,101000340682,2024-07-06 09:13:24,07/06/2024 03:05:58 PM,07/06/2024 03:05:58 PM,Closed,Resolved Complaint # 24-2053,MTA - Traffic Signal,Damage Property,traffic_signal,,"INTERSECTION GOLDEN GATE AVE, TAYLOR ST, SAN FRANCISCO, CA 94102",GOLDEN GATE AVE,6,Tenderloin,South of Market,TENDERLOIN,37.7822305956,-122.4102921359,"(37.7822305956, -122.4102921359)",POINT (-122.410292136 37.782230596),Phone,2024/07/16 06:00:00 AM,2024/09/11 05:09:50 PM,2024,7,Saturday,"37.7822305956,-122.4102921359"
143716668069,2024-11-02 07:05:00,2024-11-02,07:05:00,2024,Saturday,2024-11-02 07:14:00,1437166,240687527,243070656.0,IS,Initial Supplement,68069,Traffic Collision,Traffic Collision - Hit & Run,"Traffic Collision, Hit & Run, Injury",Cite or Arrest Adult,06TH ST \ STEVENSON ST,24295000,Tenderloin,South of Market,6,6,37.78175354003906,-122.4096908569336,POINT (-122.409690857 37.78175354),2025/06/12 10:07:02 AM,2025/06/13 09:52:57 AM,2024,11,Saturday,"37.78175354003906,-122.4096908569336",37.782,-122.41,101001525917,2025-02-25 16:17:59,02/26/2025 08:06:23 AM,02/26/2025 08:06:23 AM,Closed,Case Resolved - Please refer to TSS complaint report #885.  Re-placed pedestrian module; found and repaired defective wiring.,MTA - Traffic Signal,Damage Property,traffic_signal,,"INTERSECTION TAYLOR ST, MARKET ST, SAN FRANCISCO, CA 94102",TAYLOR ST,6,Tenderloin,South of Market,TENDERLOIN,37.7822305956,-122.4102921359,"(37.7822305956, -122.4102921359)",POINT (-122.410292136 37.782230596),Phone,2025/03/08 07:00:00 AM,2025/03/09 08:58:41 AM,2025,2,Tuesday,"37.7822305956,-122.4102921359"
141896768069,2024-08-24 15:35:00,2024-08-24,15:35:00,2024,Saturday,2024-08-25 12:03:00,1418967,240531413,242371963.0,IS,Initial Supplement,68069,Traffic Collision,Traffic Collision - Hit & Run,"Traffic Collision, Hit & Run, Injury",Cite or Arrest Adult,08TH ST \ BRANNAN ST,23872000,Southern,South of Market,6,6,37.771297454833984,-122.40542602539062,POINT (-122.405426025 37.771297455),2025/06/12 10:07:02 AM,2025/06/13 09:52:57 AM,2024,8,Saturday,"37.771297454833984,-122.40542602539062",37.771,-122.405,101001820935,2025-04-25 09:27:01,04/28/2025 08:59:35 AM,04/28/2025 08:59:35 AM,Closed,Case Resolved - Please refer to TSS complaint report #1733.,MTA - Traffic Signal,Damage Property,traffic_signal,,"INTERSECTION 8TH ST, BRANNAN ST, SAN FRANCISCO, CA 94103",8TH ST,6,Showplace Square,South of Market,SOUTHERN,37.7712964638,-122.4054247274,"(37.7712964638, -122.4054247274)",POINT (-122.405424727 37.771296464),Phone,2025/05/08 01:00:00 AM,2025/05/08 02:58:38 AM,2025,4,Friday,"37.7712964638,-122.4054247274"
141896768069,2024-08-24 15:35:00,2024-08-24,15:35:00,2024,Saturday,2024-08-25 12:03:00,1418967,240531413,242371963.0,IS,Initial Supplement,68069,Traffic Collision,Traffic Collision - Hit & Run,"Traffic Collision, Hit & Run, Injury",Cite or Arrest Adult,08TH ST \ BRANNAN ST,23872000,Southern,South of Market,6,6,37.771297454833984,-122.40542602539062,POINT (-122.405426025 37.771297455),2025/06/12 10:07:02 AM,2025/06/13 09:52:57 AM,2024,8,Saturday,"37.771297454833984,-122.40542602539062",37.771,-122.405,101001859032,2025-05-02 12:20:54,05/05/2025 09:15:02 AM,05/05/2025 09:15:02 AM,Closed,Case Resolved - Please refer to TSS complaint report #1812.,MTA - Traffic Signal,Damage Property,traffic_signal,,"INTERSECTION 8TH ST, BRANNAN ST, SAN FRANCISCO, CA 94103",8TH ST,6,Showplace Square,South of Market,SOUTHERN,37.7712964638,-122.4054247274,"(37.7712964638, -122.4054247274)",POINT (-122.405424727 37.771296464),Phone,2025/05/15 01:00:00 AM,2025/05/15 02:54:22 AM,2025,5,Friday,"37.7712964638,-122.4054247274"
141896768069,2024-08-24 15:35:00,2024-08-24,15:35:00,2024,Saturday,2024-08-25 12:03:00,1418967,240531413,242371963.0,IS,Initial Supplement,68069,Traffic Collision,Traffic Collision - Hit & Run,"Traffic Collision, Hit & Run, Injury",Cite or Arrest Adult,08TH ST \ BRANNAN ST,23872000,Southern,South of Market,6,6,37.771297454833984,-122.40542602539062,POINT (-122.405426025 37.771297455),2025/06/12 10:07:02 AM,2025/06/13 09:52:57 AM,2024,8,Saturday,"37.771297454833984,-122.40542602539062",37.771,-122.405,101001845996,2025-04-30 10:16:04,05/02/2025 10:18:18 AM,05/02/2025 10:18:18 AM,Closed,Case Resolved - Please refer to TSS complaint report #1800.  Got intersection into three color operation.,MTA - Signal,Damage Property,traffic_signal,,"INTERSECTION 8TH ST, BRANNAN ST, SAN FRANCISCO, CA 94103",8TH ST,6,Showplace Square,South of Market,SOUTHERN,37.7712964638,-122.4054247274,"(37.7712964638, -122.4054247274)",POINT (-122.405424727 37.771296464),Phone,2025/05/12 01:00:00 AM,2025/05/12 02:52:23 AM,2025,4,Wednesday,"37.7712964638,-122.4054247274"
141896768069,2024-08-24 15:35:00,2024-08-24,15:35:00,2024,Saturday,2024-08-25 12:03:00,1418967,240531413,242371963.0,IS,Initial Supplement,68069,Traffic Collision,Traffic Collision - Hit & Run,"Traffic Collision, Hit & Run, Injury",Cite or Arrest Adult,08TH ST \ BRANNAN ST,23872000,Southern,South of Market,6,6,37.771297454833984,-122.40542602539062,POINT (-122.405426025 37.771297455),2025/06/12 10:07:02 AM,2025/06/13 09:52:57 AM,2024,8,Saturday,"37.771297454833984,-122.40542602539062",37.771,-122.405,101001969947,2025-05-23 14:02:40,05/27/2025 07:34:29 AM,05/27/2025 07:34:29 AM,Closed,"Case Resolved - Please refer to TSS complaint report #2129.  Restored three color operation, troubleshoot.  Filed request for additional investigation.",MTA - Traffic Signal,Damage Property,traffic_signal,,"INTERSECTION 8TH ST, BRANNAN ST, SAN FRANCISCO, CA 94103",8TH ST,6,Showplace Square,South of Market,SOUTHERN,37.7712964638,-122.4054247274,"(37.7712964638, -122.4054247274)",POINT (-122.405424727 37.771296464),Phone,2025/06/06 01:00:00 AM,2025/06/06 02:56:12 AM,2025,5,Friday,"37.7712964638,-122.4054247274"
141896768069,2024-08-24 15:35:00,2024-08-24,15:35:00,2024,Saturday,2024-08-25 12:03:00,1418967,240531413,242371963.0,IS,Initial Supplement,68069,Traffic Collision,Traffic Collision - Hit & Run,"Traffic Collision, Hit & Run, Injury",Cite or Arrest Adult,08TH ST \ BRANNAN ST,23872000,Southern,South of Market,6,6,37.771297454833984,-122.40542602539062,POINT (-122.405426025 37.771297455),2025/06/12 10:07:02 AM,2025/06/13 09:52:57 AM,2024,8,Saturday,"37.771297454833984,-122.40542602539062",37.771,-122.405,101001970013,2025-05-23 14:12:29,05/27/2025 07:34:02 AM,05/27/2025 07:34:02 AM,Closed,"Case Resolved - Please refer to TSs complaint report #2129.  Restored three color operation, troubleshoot.  Filed request for additional investigation.",MTA - Traffic Signal,Damage Property,traffic_signal,,"900 BRANNAN ST, SAN FRANCISCO, CA 94103",BRANNAN ST,6,SHOWPLACE SQUARE,South of Market,SOUTHERN,37.77134072515632,-122.40549109876156,"(37.771340725156314, -122.40549109876157)",POINT (-122.405491099 37.771340725),Mobile,2025/06/06 01:00:00 AM,2025/06/06 02:56:12 AM,2025,5,Friday,"37.77134072515632,-122.40549109876156"
141896768069,2024-08-24 15:35:00,2024-08-24,15:35:00,2024,Saturday,2024-08-25 12:03:00,1418967,240531413,242371963.0,IS,Initial Supplement,68069,Traffic Collision,Traffic Collision - Hit & Run,"Traffic Collision, Hit & Run, Injury",Cite or Arrest Adult,08TH ST \ BRANNAN ST,23872000,Southern,South of Market,6,6,37.771297454833984,-122.40542602539062,POINT (-122.405426025 37.771297455),2025/06/12 10:07:02 AM,2025/06/13 09:52:57 AM,2024,8,Saturday,"37.771297454833984,-122.40542602539062",37.771,-122.405,101001974605,2025-05-24 14:07:10,05/27/2025 07:34:43 AM,05/27/2025 07:34:43 AM,Closed,"Case Resolved - Please refer to TSs complaint report #2129.  Restored three color operation, troubleshoot.  Filed request for additional investigation.",MTA - Traffic Signal,Damage Property,traffic_signal,,"INTERSECTION BRANNAN ST, 8TH ST, SAN FRANCISCO, CA 94103",BRANNAN ST,6,Showplace Square,South of Market,SOUTHERN,37.7712964638,-122.4054247274,"(37.7712964638, -122.4054247274)",POINT (-122.405424727 37.771296464),Phone,2025/06/06 01:00:00 AM,2025/06/06 02:56:12 AM,2025,5,Saturday,"37.7712964638,-122.4054247274"
142367468069,2024-09-13 00:54:00,2024-09-13,00:54:00,2024,Friday,2024-09-13 00:54:00,1423674,240575740,242570076.0,II,Initial,68069,Traffic Collision,Traffic Collision - Hit & Run,"Traffic Collision, Hit & Run, Injury",Cite or Arrest Adult,07TH ST \ FOLSOM ST,24262000,Southern,South of Market,6,6,37.7767448425293,-122.40784454345705,POINT (-122.407844543 37.776744843),2025/06/12 10:07:02 AM,2025/06/13 09:52:57 AM,2024,9,Friday,"37.7767448425293,-122.40784454345705",37.777,-122.408,101000784808,2024-09-30 14:10:18,10/01/2024 06:41:56 AM,10/01/2024 06:41:56 AM,Closed,"Case Resolved - PG&E power outage, PG&E to restore power",MTA - Traffic Signal,Damage Property,traffic_signal,,"INTERSECTION 7TH ST, FOLSOM ST, SAN FRANCISCO, CA 94103",7TH ST,6,South of Market,South of Market,SOUTHERN,37.7767459647,-122.4078420542,"(37.7767459647, -122.4078420542)",POINT (-122.407842054 37.776745965),Phone,2024/10/11 06:00:00 AM,2024/10/12 08:55:59 AM,2024,9,Monday,"37.7767459647,-122.4078420542"
143208368069,2024-10-14 14:11:00,2024-10-14,14:11:00,2024,Monday,2024-10-14 14:11:00,1432083,240647010,242881674.0,IS,Initial Supplement,68069,Traffic Collision,Traffic Collision - Hit & Run,"Traffic Collision, Hit & Run, Injury",Cite or Arrest Adult,06TH ST \ MINNA ST,24285000,Southern,South of Market,6,6,37.78053665161133,-122.4081573486328,POINT (-122.408157349 37.780536652),2025/06/12 10:07:02 AM,2025/06/13 09:52:57 AM,2024,10,Monday,"37.78053665161133,-122.4081573486328",37.781,-122.408,101000808326,2024-10-04 13:34:59,10/07/2024 07:01:01 AM,10/07/2024 07:01:01 AM,Closed,Case Resolved - 24-2987,MTA - Traffic Signal,Damage Property,traffic_signal,,"INTERSECTION MINNA ST, 6TH ST, SAN FRANCISCO, CA 94103",MINNA ST,6,South of Market,South of Market,SOUTHERN,37.780535382,-122.4081608993,"(37.780535382, -122.4081608993)",POINT (-122.408160899 37.780535382),Phone,2024/10/17 06:00:00 AM,2024/10/18 08:55:21 AM,2024,10,Friday,"37.780535382,-122.4081608993"
144114368060,2024-03-26 10:30:00,2024-03-26,10:30:00,2024,Tuesday,2024-03-26 10:30:00,1441143,240045840,,IS,Initial Supplement,68060,Traffic Collision,Traffic Collision - Hit & Run,"Traffic Collision, Hit & Run, Property Damage",Cite or Arrest Adult,10TH ST \ MISSION ST,24414000,Southern,South of Market,6,6,37.775272369384766,-122.41590881347656,POINT (-122.415908813 37.775272369),2025/06/12 10:07:02 AM,2025/06/13 09:52:57 AM,2024,3,Tuesday,"37.775272369384766,-122.41590881347656",37.775,-122.416,101000919758,2024-10-25 12:28:57,10/25/2024 01:32:53 PM,10/25/2024 01:32:53 PM,Closed,Case Resolved - Comp. # 24-3248,MTA - Traffic Signal,Damage Property,traffic_signal,,"INTERSECTION 10TH ST, MISSION ST, SAN FRANCISCO, CA 94103",10TH ST,6,South of Market,South of Market,SOUTHERN,37.7752719124,-122.4159080785,"(37.7752719124, -122.4159080785)",POINT (-122.415908078 37.775271912),Phone,2024/11/04 06:00:00 AM,2024/11/05 08:59:40 AM,2024,10,Friday,"37.7752719124,-122.4159080785"
144114368060,2024-03-26 10:30:00,2024-03-26,10:30:00,2024,Tuesday,2024-03-26 10:30:00,1441143,240045840,,IS,Initial Supplement,68060,Traffic Collision,Traffic Collision - Hit & Run,"Traffic Collision, Hit & Run, Property Damage",Cite or Arrest Adult,10TH ST \ MISSION ST,24414000,Southern,South of Market,6,6,37.775272369384766,-122.41590881347656,POINT (-122.415908813 37.775272369),2025/06/12 10:07:02 AM,2025/06/13 09:52:57 AM,2024,3,Tuesday,"37.775272369384766,-122.41590881347656",37.775,-122.416,101001557907,2025-03-03 17:23:21,03/04/2025 08:18:33 AM,03/04/2025 08:18:33 AM,Closed,"Case Resolved - Please refer to TSS complaint report #944.  Replaced materials, traced and found wire issue (resolved same)",MTA - Signal,Damage Property,traffic_signal,,"INTERSECTION MISSION ST, 10TH ST, SAN FRANCISCO, CA 94103",MISSION ST,6,South of Market,South of Market,SOUTHERN,37.7752719124,-122.4159080785,"(37.7752719124, -122.4159080785)",POINT (-122.415908078 37.775271912),Test,2025/03/14 06:00:00 AM,2025/03/15 08:58:46 AM,2025,3,Monday,"37.7752719124,-122.4159080785"
144114368060,2024-03-26 10:30:00,2024-03-26,10:30:00,2024,Tuesday,2024-03-26 10:30:00,1441143,240045840,,IS,Initial Supplement,68060,Traffic Collision,Traffic Collision - Hit & Run,"Traffic Collision, Hit & Run, Property Damage",Cite or Arrest Adult,10TH ST \ MISSION ST,24414000,Southern,South of Market,6,6,37.775272369384766,-122.41590881347656,POINT (-122.415908813 37.775272369),2025/06/12 10:07:02 AM,2025/06/13 09:52:57 AM,2024,3,Tuesday,"37.775272369384766,-122.41590881347656",37.775,-122.416,101001466199,2025-02-14 02:18:10,02/14/2025 08:48:46 AM,02/14/2025 08:48:46 AM,Closed,Case Resolved - 25-758,MTA - Traffic Signal,Damage Property,traffic_signal,,"INTERSECTION MISSION ST, 10TH ST, SAN FRANCISCO, CA 94103",MISSION ST,6,South of Market,South of Market,SOUTHERN,37.7752719124,-122.4159080785,"(37.7752719124, -122.4159080785)",POINT (-122.415908078 37.775271912),Phone,2025/02/24 06:00:00 AM,2025/02/25 01:44:38 PM,2025,2,Friday,"37.7752719124,-122.4159080785"
